window_start,TEMPERATURE_mean,TEMPERATURE_min,TEMPERATURE_max,TEMPERATURE_std,TURBIDITY_mean,TURBIDITY_min,TURBIDITY_max,TURBIDITY_std,DISSOLVED OXYGEN_mean,DISSOLVED OXYGEN_min,DISSOLVED OXYGEN_max,DISSOLVED OXYGEN_std,pH_mean,pH_min,pH_max,pH_std,AMMONIA_mean,AMMONIA_min,AMMONIA_max,AMMONIA_std,NITRATE_mean,NITRATE_min,NITRATE_max,NITRATE_std,Population_mean,Population_min,Population_max,Population_std,Length_mean,Weight_mean,next_weight,weight_gain
2023-01-01 02:00:00+00:00,28.07,28.07,28.07,,16.99,16.99,16.99,,5.94,5.94,5.94,,6.922,6.922,6.922,,0.2814,0.2814,0.2814,,16.39,16.39,16.39,,1059.0,1059.0,1059.0,,5.05,10.72,12.395,1.674999999999999
2023-01-01 03:00:00+00:00,26.9,26.38,27.42,0.73539105243401,34.92,20.08,49.76,20.986929265616734,7.0600000000000005,6.9,7.22,0.22627416997969446,7.3469999999999995,7.322,7.372,0.03535533905932694,1.0891000000000002,0.9915,1.1867,0.13802724368761418,27.205,17.29,37.12,14.021927470929237,1382.5,1351.0,1414.0,44.54772721475249,5.055,12.395,11.425,-0.9699999999999989
2023-01-01 04:00:00+00:00,30.365000000000002,30.26,30.47,0.14849242404917432,18.195,18.18,18.21,0.02121320343559723,5.695,5.49,5.9,0.28991378028648457,7.4885,7.164,7.813,0.458912300990069,0.7948999999999999,0.7523,0.8375,0.060245497757093924,22.009999999999998,17.45,26.57,6.448813844421313,1029.0,900.0,1158.0,182.43354954612926,5.135,11.425,12.325,0.8999999999999986
2023-01-01 05:00:00+00:00,31.255,31.24,31.27,0.02121320343559723,46.995,43.26,50.73,5.282087655463509,8.184999999999999,7.92,8.45,0.37476659402887036,7.2035,6.913,7.494,0.4108290398693838,0.716,0.3504,1.0816,0.5170364784036035,31.53,29.41,33.65,2.998132752230959,1099.5,1020.0,1179.0,112.42997820866105,5.18,12.325,14.78,2.455
2023-01-01 06:00:00+00:00,29.65,29.1,30.2,0.7778174593052021,32.045,27.94,36.15,5.805346673541554,6.22,5.6,6.84,0.876812408671319,7.432499999999999,7.108,7.757,0.4589123009900697,1.47845,1.4624,1.4945,0.022698127676088267,18.72,15.9,21.54,3.988082245892128,1071.0,923.0,1219.0,209.30360723121808,5.165,14.78,19.175,4.395000000000001
2023-01-01 07:00:00+00:00,30.895000000000003,30.67,31.12,0.31819805153394715,41.74,29.62,53.86,17.140268375961913,5.505,5.06,5.95,0.6293250352560277,7.4495000000000005,6.907,7.992,0.7672108575874037,0.64315,0.3073,0.979,0.4749636249230039,11.065000000000001,9.88,12.25,1.6758430714121164,1125.5,1030.0,1221.0,135.0573952066306,5.19,19.175,17.84,-1.3350000000000009
2023-01-01 08:00:00+00:00,28.2,27.68,28.72,0.7353910524340088,41.394999999999996,31.96,50.83,13.343104960990148,6.805,5.41,8.2,1.972827919510467,7.4830000000000005,7.473,7.493,0.01414213562373159,0.57055,0.1176,1.0235,0.6405680330768935,22.25,12.26,32.24,14.127993488107222,1175.5,862.0,1489.0,443.3559518039653,5.215,17.84,17.085,-0.754999999999999
2023-01-01 09:00:00+00:00,29.195,27.13,31.26,2.920351006300443,30.990000000000002,28.85,33.13,3.0264170234784245,6.49,5.96,7.02,0.7495331880577404,7.792,7.629,7.955,0.23051681066681484,0.2248,0.0557,0.3939,0.23914351339729034,29.685000000000002,26.01,33.36,5.197234841721122,1355.5,1284.0,1427.0,101.1162697096763,5.09,17.085,17.735,0.6499999999999986
2023-01-01 10:00:00+00:00,28.585,27.64,29.53,1.3364318164425752,36.225,25.07,47.38,15.775552288271877,7.11,6.94,7.28,0.24041630560342606,7.518,7.287,7.749,0.3266833329081848,1.0015,0.6993,1.3037,0.4273753385491494,18.485,9.28,27.69,13.017835841644343,1327.5,1282.0,1373.0,64.34671708797582,5.23,17.735,18.03,0.2950000000000017
2023-01-01 11:00:00+00:00,29.715,29.58,29.85,0.19091883092037004,28.375,21.61,35.14,9.567154749453989,6.8100000000000005,5.72,7.9,1.5414927829866742,7.383,7.174,7.592,0.2955706345359763,1.1050499999999999,1.0935,1.1166,0.01633416664540941,29.39,15.26,43.52,19.982837636331837,1136.0,954.0,1318.0,257.3868683519033,5.32,18.03,22.145,4.114999999999998
2023-01-01 12:00:00+00:00,27.64,27.02,28.26,0.8768124086713204,42.085,29.19,54.98,18.236283886801058,5.26,5.04,5.48,0.31112698372208153,7.973,7.916,8.03,0.0806101730552657,0.5847,0.5254,0.644,0.08386286424872456,30.79,24.34,37.24,9.121677477306466,1108.0,891.0,1325.0,306.8843430349616,5.395,22.145,19.57,-2.5749999999999993
2023-01-01 13:00:00+00:00,29.4,29.01,29.79,0.5515432893255041,46.25,37.18,55.32,12.826917010723973,8.105,8.06,8.15,0.06363961030678918,7.8565000000000005,7.722,7.991,0.19021172413918044,1.0222,0.5628,1.4816,0.6496897105541999,16.875,6.74,27.01,14.33305445465132,1325.5,1254.0,1397.0,101.1162697096763,5.425000000000001,19.57,19.665,0.09499999999999886
2023-01-01 14:00:00+00:00,29.585,28.94,30.23,0.9121677477306457,28.525,15.84,41.21,17.93929903870271,7.095,7.09,7.1,0.007071067811865324,7.903,7.792,8.014,0.15697770542341322,0.6858500000000001,0.0698,1.3019,0.8712262650999453,36.695,30.33,43.06,9.001469324504752,1376.5,1309.0,1444.0,95.45941546018392,5.375,19.665,23.905,4.240000000000002
2023-01-01 15:00:00+00:00,29.79,29.02,30.56,1.0889444430272825,49.19,41.39,56.99,11.03086578651014,6.470000000000001,5.61,7.33,1.2162236636408619,7.8740000000000006,7.776,7.972,0.13859292911256407,0.7678499999999999,0.6635,0.8722,0.14757318523363241,33.415,29.06,37.77,6.1589000641348335,1083.5,982.0,1185.0,143.54267658086914,5.455,23.905,21.955,-1.9500000000000028
2023-01-01 16:00:00+00:00,29.785,29.02,30.55,1.0818733752154186,21.855,16.96,26.75,6.922575387816299,7.334999999999999,6.47,8.2,1.2232947314527267,7.709,7.666,7.752,0.06081118318204236,0.9128499999999999,0.7351,1.0906,0.25137646071181763,27.244999999999997,14.12,40.37,18.56155300614687,1288.5,1204.0,1373.0,119.50104602052653,5.54,21.955,24.7,2.745000000000001
2023-01-01 17:00:00+00:00,27.439999999999998,26.74,28.14,0.9899494936611668,45.35,41.0,49.7,6.1518289963229655,6.58,6.34,6.82,0.3394112549695431,7.438000000000001,7.022,7.854,0.5883128419472078,1.3317,1.3114,1.352,0.028708535316173886,21.46,13.48,29.44,11.285424227737298,1217.5,1045.0,1390.0,243.9518395093589,5.545,24.7,26.009999999999998,1.3099999999999987
2023-01-01 18:00:00+00:00,27.955,26.16,29.75,2.538513344459707,45.68,36.67,54.69,12.742064196981584,5.37,5.16,5.58,0.2969848480983499,8.027000000000001,8.021,8.033,0.008485281374238264,0.53045,0.4225,0.6384,0.1526643540581756,30.015,21.44,38.59,12.126881297349293,1454.5,1449.0,1460.0,7.7781745930520225,5.725,26.009999999999998,28.244999999999997,2.2349999999999994
2023-01-01 19:00:00+00:00,29.205,29.02,29.39,0.26162950903902454,33.504999999999995,17.58,49.43,22.52135098079154,6.4350000000000005,5.29,7.58,1.6192745289171941,7.3985,6.841,7.956,0.7884240610230007,1.131,0.8926,1.3694,0.3371485132697458,30.07,19.14,41.0,15.45735423673793,1246.0,1222.0,1270.0,33.94112549695428,5.654999999999999,28.244999999999997,26.36,-1.884999999999998
2023-01-01 20:00:00+00:00,26.675,26.46,26.89,0.30405591591021525,24.005000000000003,22.42,25.59,2.2415284963613558,6.485,5.86,7.11,0.8838834764831844,7.1245,6.98,7.269,0.20435385976291204,0.63105,0.3239,0.9382,0.43437569568289613,25.345,14.47,36.22,15.379572490807409,838.0,812.0,864.0,36.76955262170047,5.66,26.36,28.275,1.9149999999999991
2023-01-01 21:00:00+00:00,26.63,25.81,27.45,1.1596551211459383,29.44,11.68,47.2,25.11643286774617,6.1850000000000005,6.01,6.36,0.2474873734152923,7.433,7.025,7.841,0.5769991334482224,1.02665,0.951,1.1023,0.10698525599352467,26.945,15.99,37.9,15.492709575797255,1026.5,1012.0,1041.0,20.506096654409877,5.585,28.275,29.805,1.5300000000000011
2023-01-01 22:00:00+00:00,28.095,27.58,28.61,0.7283199846221448,43.305,38.49,48.12,6.809438302826449,6.88,6.24,7.52,0.9050966799187804,7.955,7.945,7.965,0.014142135623730649,0.6413,0.206,1.0766,0.6156071637010083,26.825,21.95,31.7,6.894291116568838,1152.0,1012.0,1292.0,197.9898987322333,5.835,29.805,31.14,1.3350000000000009
2023-01-01 23:00:00+00:00,28.935000000000002,27.78,30.09,1.6334166645409227,40.47,27.1,53.84,18.90803532892828,6.51,6.04,6.98,0.6646803743153553,7.1594999999999995,6.809,7.51,0.49568185361176925,0.8211,0.2777,1.3645,0.7684836497935399,19.384999999999998,8.82,29.95,14.94116628647175,1314.5,1137.0,1492.0,251.02290732122438,5.835,31.14,31.415,0.2749999999999986
2023-01-02 00:00:00+00:00,27.685000000000002,27.28,28.09,0.5727564927611013,33.295,15.53,51.06,25.123503935558034,6.995,6.67,7.32,0.45961940777125615,7.433,7.202,7.664,0.3266833329081848,0.91065,0.3639,1.4574,0.7732212652274898,25.765,23.07,28.46,3.8113055505954914,1221.5,972.0,1471.0,352.8462838120872,5.78,31.415,31.939999999999998,0.5249999999999986
2023-01-02 01:00:00+00:00,28.46,27.49,29.43,1.3717871555019043,34.345,16.37,52.32,25.42048878365638,7.92,7.56,8.28,0.5091168824543144,7.929499999999999,7.685,8.174,0.3457752160002213,0.78135,0.2797,1.283,0.7094402335644631,23.095,11.72,34.47,16.086679271993955,1113.5,963.0,1264.0,212.83914113715082,5.85,31.939999999999998,34.86,2.9200000000000017
2023-01-02 02:00:00+00:00,29.21,28.61,29.81,0.8485281374238552,39.86,29.86,49.86,14.142135623730951,5.43,5.11,5.75,0.45254833995938987,7.426,7.164,7.688,0.3705239533417506,0.5609500000000001,0.3784,0.7435,0.25816468581120855,26.59,13.67,39.51,18.271639225860387,1397.5,1296.0,1499.0,143.54267658086914,6.02,34.86,33.894999999999996,-0.9650000000000034
2023-01-02 03:00:00+00:00,28.26,26.26,30.26,2.8284271247461903,19.48,17.5,21.46,2.8001428534987287,6.5,5.92,7.08,0.8202438661763952,7.724,7.556,7.892,0.23758787847868018,0.9904499999999999,0.6735,1.3074,0.4482349885941524,7.390000000000001,5.95,8.83,2.036467529817257,1150.5,1107.0,1194.0,61.518289963229634,5.915,33.894999999999996,38.790000000000006,4.89500000000001
2023-01-02 04:00:00+00:00,29.095,28.02,30.17,1.5202795795510775,46.055,46.0,46.11,0.07778174593051983,5.96,5.18,6.74,1.1030865786510144,7.407500000000001,6.95,7.865,0.6470027047856907,0.6612,0.5453,0.7771,0.1639073518790417,29.98,29.28,30.68,0.9899494936611655,1205.0,982.0,1428.0,315.3696244092002,5.975,38.790000000000006,36.260000000000005,-2.530000000000001
2023-01-02 05:00:00+00:00,27.395,26.88,27.91,0.7283199846221448,43.38,42.06,44.7,1.866761902332486,6.63,6.17,7.09,0.6505382386916236,7.853,7.558,8.148,0.41719300090006295,0.5736,0.2537,0.8935,0.4524069186031531,20.575,14.28,26.87,8.902474375138633,1327.0,1309.0,1345.0,25.45584412271571,6.15,36.260000000000005,38.53,2.269999999999996
2023-01-02 06:00:00+00:00,29.35,28.15,30.55,1.6970562748477167,29.865000000000002,22.59,37.14,10.288403666264267,6.535,5.37,7.7,1.6475588001646557,7.4825,7.279,7.686,0.28779245994292485,1.02355,0.5927,1.4544,0.609313913348448,24.71,20.64,28.78,5.755849198858497,1393.0,1363.0,1423.0,42.42640687119285,6.115,38.53,38.485,-0.045000000000001705
2023-01-02 07:00:00+00:00,28.15,27.37,28.93,1.1030865786510144,23.18,19.08,27.28,5.798275605729692,6.404999999999999,5.26,7.55,1.6192745289171941,7.5245,6.944,8.105,0.8209509729575817,0.69155,0.3946,0.9885,0.4199507173466906,34.69,24.87,44.51,13.887577182503792,1209.5,1026.0,1393.0,259.50818869546293,6.15,38.485,39.599999999999994,1.1149999999999949
2023-01-02 08:00:00+00:00,26.625,26.24,27.01,0.5444722215136438,47.295,39.17,55.42,11.490485194281398,7.07,6.73,7.41,0.4808326112068521,7.9375,7.763,8.112,0.24678026663410524,0.8285,0.4945,1.1625,0.47234732983261385,21.635,10.46,32.81,15.803836559519338,1228.0,1221.0,1235.0,9.899494936611665,6.215,39.599999999999994,37.45,-2.1499999999999915
2023-01-02 09:00:00+00:00,26.575000000000003,26.55,26.6,0.03535533905932662,31.57,30.04,33.1,2.163746750430837,6.1899999999999995,5.86,6.52,0.46669047558312055,7.058,6.895,7.221,0.23051681066681484,0.8300000000000001,0.205,1.455,0.8838834764831844,21.65,21.17,22.13,0.678822509939085,1086.5,820.0,1353.0,376.8879143724298,6.165,37.45,40.47,3.019999999999996
2023-01-02 10:00:00+00:00,26.759999999999998,26.75,26.77,0.014142135623729393,37.515,17.67,57.36,28.06506814529407,7.835,7.8,7.87,0.049497474683058526,7.3425,6.894,7.791,0.6342747827243334,0.5239,0.3617,0.6861,0.22938543981691603,33.2,32.7,33.7,0.7071067811865476,1274.5,1196.0,1353.0,111.01576464628796,6.25,40.47,43.129999999999995,2.6599999999999966
2023-01-02 11:00:00+00:00,28.189999999999998,27.07,29.31,1.583919189857864,37.3,35.29,39.31,2.842569260369921,6.6899999999999995,5.95,7.43,1.0465180361560897,7.4495000000000005,7.284,7.615,0.23405234457274782,0.1912,0.1195,0.2629,0.10139911242215094,27.395,10.14,44.65,24.402255018747752,1164.0,904.0,1424.0,367.6955262170047,6.375,43.129999999999995,41.879999999999995,-1.25
2023-01-02 12:00:00+00:00,29.33,27.93,30.73,1.979898987322335,25.740000000000002,10.91,40.57,20.972787129993,6.665,6.26,7.07,0.5727564927611039,7.2665,6.864,7.669,0.5692209588551705,0.6483,0.5121,0.7845,0.19261588719521552,21.564999999999998,9.16,33.97,17.543319241238244,903.5,816.0,991.0,123.74368670764582,6.42,41.879999999999995,46.32,4.440000000000005
2023-01-02 13:00:00+00:00,29.165,28.66,29.67,0.7141778489984153,55.11,53.61,56.61,2.1213203435596424,6.765000000000001,5.32,8.21,2.043538597629123,8.0915,8.02,8.163,0.10111626970967678,0.9485000000000001,0.652,1.245,0.4193143212436228,22.055,15.97,28.14,8.605489527040282,1055.5,919.0,1192.0,193.04015126392747,6.380000000000001,46.32,45.480000000000004,-0.8399999999999963
2023-01-02 14:00:00+00:00,27.295,27.23,27.36,0.09192388155424921,41.545,38.26,44.83,4.645691552395615,6.905,5.48,8.33,2.0152543263816605,8.003,7.85,8.156,0.21637467504308422,0.65505,0.3806,0.9295,0.388130912193296,8.305,8.18,8.43,0.1767766952966369,1076.0,928.0,1224.0,209.30360723121808,6.505000000000001,45.480000000000004,45.78,0.29999999999999716
2023-01-02 15:00:00+00:00,26.96,26.63,27.29,0.4666904755831202,50.739999999999995,45.36,56.12,7.608468965567248,6.105,5.65,6.56,0.643467170879758,7.422000000000001,6.982,7.862,0.6222539674441614,0.661,0.2589,1.0631,0.5686552734302215,26.720000000000002,12.67,40.77,19.869700551341985,1150.0,929.0,1371.0,312.54119728445403,6.42,45.78,48.41,2.6299999999999955
2023-01-02 16:00:00+00:00,27.615000000000002,27.37,27.86,0.34648232278140845,28.22,17.63,38.81,14.976521625531081,7.48,6.9,8.06,0.8202438661763952,6.8325,6.831,6.834,0.0021213203435587807,0.16219999999999998,0.0646,0.2598,0.13802724368761407,16.0,14.07,17.93,2.729432175380073,1093.5,828.0,1359.0,375.47370081005676,6.555,48.41,48.22,-0.18999999999999773
2023-01-02 17:00:00+00:00,27.020000000000003,26.94,27.1,0.11313708498984645,35.775000000000006,31.21,40.34,6.455884912233183,7.6899999999999995,7.56,7.82,0.18384776310850315,7.3685,7.253,7.484,0.1633416664540924,1.05315,0.9991,1.1072,0.07643824304626581,13.49,7.78,19.2,8.075159441150372,852.5,809.0,896.0,61.518289963229634,6.54,48.22,49.48,1.259999999999998
2023-01-02 18:00:00+00:00,28.165,27.53,28.8,0.8980256121069138,51.769999999999996,46.82,56.72,7.000357133746822,7.365,7.31,7.42,0.07778174593052013,7.818,7.757,7.879,0.08626702730475871,0.9924999999999999,0.7172,1.2678,0.3893329937213132,16.73,7.7,25.76,12.77034846822905,1036.0,1031.0,1041.0,7.0710678118654755,6.48,49.48,52.995000000000005,3.5150000000000077
2023-01-02 19:00:00+00:00,28.65,28.31,28.99,0.4808326112068521,44.41,32.54,56.28,16.786714985368636,6.92,5.87,7.97,1.4849242404917495,7.3035,7.183,7.424,0.17041273426595802,1.0463,0.8822,1.2104,0.2320724455854249,25.68,14.35,37.01,16.023039661687164,1041.0,999.0,1083.0,59.39696961966999,6.725,52.995000000000005,52.645,-0.3500000000000014
2023-01-02 20:00:00+00:00,28.259999999999998,26.62,29.9,2.319310242291873,37.45,15.66,59.24,30.81571352410974,6.24,5.77,6.71,0.6646803743153553,7.7965,7.397,8.196,0.5649783181680511,0.8102,0.3167,1.3037,0.6979143930311225,33.400000000000006,26.6,40.2,9.616652224137045,925.0,878.0,972.0,66.46803743153546,6.605,52.645,50.650000000000006,-1.9949999999999974
2023-01-02 21:00:00+00:00,29.955,29.51,30.4,0.6293250352560239,34.085,16.23,51.94,25.250783156171607,8.38,8.3,8.46,0.1131370849898477,7.2305,7.029,7.432,0.284964032818179,0.29435,0.1768,0.4119,0.1662408042569573,28.68,26.32,31.04,3.3375440072005036,1323.0,1266.0,1380.0,80.61017305526642,6.73,50.650000000000006,54.620000000000005,3.969999999999999
2023-01-02 22:00:00+00:00,28.7,26.74,30.66,2.7718585822512676,54.765,53.49,56.04,1.8031222920256942,6.305,5.14,7.47,1.6475588001646557,7.8420000000000005,7.771,7.913,0.10040916292849031,0.44825,0.0951,0.8014,0.4994295195520585,18.145,17.97,18.32,0.24748737341529264,1231.5,1215.0,1248.0,23.33452377915607,6.74,54.620000000000005,53.915,-0.7050000000000054
2023-01-02 23:00:00+00:00,28.68,26.51,30.85,3.068843430349615,37.75,35.94,39.56,2.5597265478953055,6.9350000000000005,5.63,8.24,1.8455486988968894,7.0120000000000005,6.915,7.109,0.1371787155501905,0.73705,0.0686,1.4055,0.9453310557682953,38.275000000000006,31.78,44.77,9.185317087613251,893.0,886.0,900.0,9.899494936611665,6.82,53.915,54.665,0.75
2023-01-03 00:00:00+00:00,28.84,27.54,30.14,1.8384776310850246,21.345,12.74,29.95,12.169307704220481,7.595,6.99,8.2,0.8555992052357219,7.734500000000001,7.716,7.753,0.026162950903902516,0.43784999999999996,0.1919,0.6838,0.3478258256656627,29.39,27.31,31.47,2.9415642097360393,903.0,807.0,999.0,135.7645019878171,6.845,54.665,57.955,3.289999999999999
2023-01-03 01:00:00+00:00,28.365000000000002,26.93,29.8,2.0293964620053933,38.45,26.76,50.14,16.53215654414148,6.28,5.12,7.44,1.6404877323527904,7.657,7.183,8.131,0.6703372285648473,0.9413,0.4811,1.4015,0.6508210814040983,28.919999999999998,23.61,34.23,7.509474016201133,1095.0,886.0,1304.0,295.57063453597686,6.835,57.955,57.955,0.0
2023-01-03 02:00:00+00:00,27.39,27.01,27.77,0.5374011537017748,18.450000000000003,10.23,26.67,11.62483548270684,7.140000000000001,6.04,8.24,1.5556349186104044,7.208,7.011,7.405,0.2786000717874998,0.41885,0.0719,0.7658,0.4906613954653453,17.45,7.41,27.49,14.198704166225873,1013.0,842.0,1184.0,241.83051916579925,6.85,57.955,59.870000000000005,1.9150000000000063
2023-01-03 03:00:00+00:00,28.6,28.29,28.91,0.4384062043356589,33.39,29.91,36.87,4.921463197058368,8.350000000000001,8.3,8.4,0.07071067811865513,7.7545,7.388,8.121,0.5183092706097397,0.85555,0.231,1.4801,0.8832470803801165,27.66,12.01,43.31,22.13244225113894,1327.0,1234.0,1420.0,131.52186130069785,6.965,59.870000000000005,59.55,-0.3200000000000074
2023-01-03 04:00:00+00:00,27.83,27.62,28.04,0.2969848480983499,41.655,27.32,55.99,20.27275141661832,7.34,6.66,8.02,0.9616652224137042,7.5255,7.357,7.694,0.23829498525986634,0.7327,0.0174,1.448,1.0115869611654749,22.82,13.04,32.6,13.831008640008871,1244.5,1207.0,1282.0,53.033008588991066,6.91,59.55,60.935,1.3850000000000051
2023-01-03 05:00:00+00:00,27.625,25.83,29.42,2.538513344459708,37.115,27.35,46.88,13.809795436573273,7.04,6.12,7.96,1.3010764773832473,7.681000000000001,7.184,8.178,0.7028641404994284,1.19525,0.9623,1.4282,0.3294410493548124,17.65,8.87,26.43,12.416795077635776,1139.5,816.0,1463.0,457.49808742769625,6.995,60.935,62.34,1.4050000000000011
2023-01-03 06:00:00+00:00,28.015,26.88,29.15,1.6051323932934614,26.92,21.23,32.61,8.046875169902911,6.515000000000001,5.13,7.9,1.9586857838867373,7.7125,7.373,8.052,0.480125504425665,0.9954,0.6876,1.3032,0.4352949344984386,29.130000000000003,23.01,35.25,8.65498700172334,1195.5,947.0,1444.0,351.4320702497141,7.02,62.34,64.145,1.8049999999999926
2023-01-03 07:00:00+00:00,29.07,28.1,30.04,1.3717871555019006,24.83,17.04,32.62,11.016723650886409,6.449999999999999,5.81,7.09,0.9050966799187806,7.109999999999999,7.098,7.122,0.01697056274847684,0.7583,0.7384,0.7782,0.028142849891224633,25.25,18.9,31.6,8.980256121069155,1053.5,1031.0,1076.0,31.81980515339464,7.225,64.145,63.705,-0.4399999999999977
2023-01-03 08:00:00+00:00,27.115000000000002,26.05,28.18,1.506137443927347,26.87,18.82,34.92,11.384419177103416,5.345,5.27,5.42,0.10606601717798238,7.2780000000000005,6.844,7.712,0.6137686860699225,0.61085,0.2181,1.0036,0.5554323766220332,39.455,36.82,42.09,3.72645273685311,1096.0,1027.0,1165.0,97.58073580374356,7.175000000000001,63.705,64.33,0.625
2023-01-03 09:00:00+00:00,27.95,27.74,28.16,0.2969848480983512,43.345,30.95,55.74,17.529177105614515,6.815,6.19,7.44,0.8838834764831844,7.663,7.316,8.01,0.49073210614346363,0.26175,0.0547,0.4688,0.29281291808934934,17.68,14.39,20.97,4.652762620207482,1342.5,1235.0,1450.0,152.02795795510772,7.09,64.33,67.67500000000001,3.345000000000013
2023-01-03 10:00:00+00:00,26.79,26.72,26.86,0.09899494936611705,33.575,28.12,39.03,7.714534982745232,6.385,5.23,7.54,1.6334166645409243,7.8084999999999996,7.462,8.155,0.49002499936227717,0.6854,0.3108,1.06,0.5297644004649614,27.900000000000002,11.1,44.7,23.758787847868,1104.0,1010.0,1198.0,132.93607486307093,7.234999999999999,67.67500000000001,68.87,1.1949999999999932
2023-01-03 11:00:00+00:00,26.525,25.64,27.41,1.2515790027001876,26.13,10.65,41.61,21.89202594553551,6.494999999999999,6.1,6.89,0.5586143571373728,7.538,7.06,8.016,0.6759940828143394,1.2343000000000002,1.0134,1.4552,0.3123997759282166,34.34,26.6,42.08,10.946012972767756,1244.0,1190.0,1298.0,76.36753236814714,7.385,68.87,68.45,-0.4200000000000017
2023-01-03 12:00:00+00:00,26.91,26.65,27.17,0.3676955262170069,31.04,18.9,43.18,17.168552647209374,6.945,6.12,7.77,1.1667261889578033,7.882999999999999,7.879,7.887,0.005656854249492071,0.58105,0.1499,1.0122,0.60973817741716,32.26,25.84,38.68,9.07925107043527,1350.5,1339.0,1362.0,16.263455967290593,7.325,68.45,68.765,0.3149999999999977
2023-01-03 13:00:00+00:00,26.755000000000003,26.25,27.26,0.7141778489984153,37.739999999999995,17.43,58.05,28.72267745179756,7.645,7.19,8.1,0.643467170879758,7.9239999999999995,7.865,7.983,0.0834386001800119,0.9873500000000001,0.6712,1.3035,0.44710361774425406,19.25,8.56,29.94,15.117942981768387,1265.5,1241.0,1290.0,34.64823227814083,7.345,68.765,69.715,0.9500000000000028
2023-01-03 14:00:00+00:00,29.42,28.7,30.14,1.0182337649086306,22.5,14.27,30.73,11.638977618330573,6.49,5.82,7.16,0.9475230867899735,7.3305,6.984,7.677,0.49002499936227717,0.658,0.274,1.042,0.5430580079512685,22.66,10.11,35.21,17.748380207782343,1104.5,1060.0,1149.0,62.932503525602726,7.470000000000001,69.715,70.525,0.8100000000000023
2023-01-03 15:00:00+00:00,29.47,29.17,29.77,0.4242640687119283,47.475,35.11,59.84,17.486750698743325,6.57,5.09,8.05,2.0930360723121813,7.4675,6.846,8.089,0.8789337290148788,1.33815,1.2588,1.4175,0.11221784617430514,37.16,36.28,38.04,1.2445079348883197,1235.0,1151.0,1319.0,118.79393923933998,7.455,70.525,72.83500000000001,2.3100000000000023
2023-01-03 16:00:00+00:00,27.355,26.35,28.36,1.421284630184959,26.560000000000002,13.35,39.77,18.68176115894859,6.565,5.07,8.06,2.114249275747777,7.789,7.663,7.915,0.17819090885901015,0.8894,0.7508,1.028,0.19600999974491093,19.900000000000002,6.45,33.35,19.02117241391813,1028.0,937.0,1119.0,128.69343417595164,7.43,72.83500000000001,72.695,-0.14000000000001478
2023-01-03 17:00:00+00:00,28.799999999999997,28.65,28.95,0.21213203435596603,34.0,20.5,47.5,19.091883092036785,7.569999999999999,6.85,8.29,1.0182337649086282,7.219,6.964,7.474,0.36062445840513907,1.11765,0.9306,1.3047,0.26452864684188737,16.325,15.52,17.13,1.138441917710341,1385.5,1349.0,1422.0,51.61879502661797,7.57,72.695,75.16499999999999,2.469999999999999
2023-01-03 18:00:00+00:00,29.03,28.27,29.79,1.074802307403553,37.58,20.26,54.9,24.494178900302003,8.145,7.8,8.49,0.4879036790187184,7.3675,6.975,7.76,0.5550788232314399,0.45775,0.0553,0.8602,0.5691502481770521,13.96,8.51,19.41,7.707463914933369,1093.0,1019.0,1167.0,104.65180361560904,7.525,75.16499999999999,75.37,0.2050000000000125
2023-01-03 19:00:00+00:00,27.215,26.8,27.63,0.5868986283848332,15.68,11.83,19.53,5.444722215136416,6.960000000000001,6.23,7.69,1.032375900532359,7.2415,7.081,7.402,0.22698127676088156,1.21725,1.0374,1.3971,0.254346309192801,34.815,27.15,42.48,10.839946955589772,1079.0,1022.0,1136.0,80.61017305526642,7.485,75.37,74.93,-0.4399999999999977
2023-01-03 20:00:00+00:00,28.8,28.07,29.53,1.03237590053236,35.92,33.6,38.24,3.280975464705581,6.545,6.41,6.68,0.19091883092036754,7.189,6.89,7.488,0.422849855149556,0.6747,0.3314,1.018,0.4854995159626836,19.049999999999997,17.22,20.88,2.5880108191427653,1303.0,1159.0,1447.0,203.64675298172568,7.58,74.93,77.05000000000001,2.1200000000000045
2023-01-03 21:00:00+00:00,28.67,28.15,29.19,0.7353910524340126,31.035,13.29,48.78,25.095219664310573,7.630000000000001,7.2,8.06,0.6081118318204308,7.396,7.177,7.615,0.3097127701597083,0.7943,0.5969,0.9917,0.279165757212449,25.955,22.89,29.02,4.334564568673537,1195.0,1128.0,1262.0,94.75230867899737,7.65,77.05000000000001,76.78,-0.27000000000001023
2023-01-03 22:00:00+00:00,30.395,29.46,31.33,1.322289680818842,34.44,32.66,36.22,2.5173001410241107,8.065,7.69,8.44,0.5303300858899097,7.5760000000000005,7.235,7.917,0.48224682476922537,0.57455,0.1688,0.9803,0.5738171529328833,33.705,25.63,41.78,11.419774516162745,1270.5,1181.0,1360.0,126.572113832392,7.744999999999999,76.78,78.845,2.0649999999999977
2023-01-03 23:00:00+00:00,27.310000000000002,26.98,27.64,0.4666904755831227,31.04,30.04,32.04,1.4142135623730951,6.465,6.46,6.47,0.007071067811865324,7.1265,6.816,7.437,0.4391133111168463,1.24465,0.9902,1.4991,0.35984664094583413,34.785,24.88,44.69,14.007785335305506,1402.5,1389.0,1416.0,19.091883092036785,7.775,78.845,78.36500000000001,-0.47999999999998977
2023-01-04 00:00:00+00:00,27.490000000000002,27.25,27.73,0.3394112549695419,27.869999999999997,17.76,37.98,14.297699115591987,6.71,5.84,7.58,1.2303657992645929,7.125,6.901,7.349,0.31678383797157356,0.7739,0.0818,1.466,0.978777206518419,26.200000000000003,13.34,39.06,18.186786412118007,992.0,968.0,1016.0,33.94112549695428,7.74,78.36500000000001,81.24,2.874999999999986
2023-01-04 01:00:00+00:00,27.365000000000002,27.3,27.43,0.09192388155424921,36.095,19.1,53.09,24.034559492530754,5.8149999999999995,5.39,6.24,0.6010407640085661,7.556,7.472,7.64,0.11879393923933947,0.9618499999999999,0.6163,1.3074,0.488681496478023,25.935,9.65,42.22,23.03046786324585,1047.5,918.0,1177.0,183.1406563273158,7.8149999999999995,81.24,80.775,-0.4649999999999892
2023-01-04 02:00:00+00:00,27.635,27.35,27.92,0.40305086527633227,42.99,28.67,57.31,20.25153821318272,6.025,6.01,6.04,0.021213203435596288,7.4905,7.208,7.773,0.399515331370399,1.01535,0.8549,1.1758,0.22691056608276308,28.96,20.22,37.7,12.360226535140853,1079.0,989.0,1169.0,127.27922061357856,7.895,80.775,81.53,0.7549999999999955
2023-01-04 03:00:00+00:00,28.9,26.85,30.95,2.899137802864842,32.870000000000005,23.54,42.2,13.194612536940976,5.485,5.15,5.82,0.4737615433949868,7.948,7.892,8.004,0.07919595949289308,1.21465,1.1103,1.319,0.1475731852336324,39.92,39.72,40.12,0.2828427124746205,1211.5,948.0,1475.0,372.64527368531054,7.890000000000001,81.53,81.625,0.09499999999999886
2023-01-04 04:00:00+00:00,28.75,28.45,29.05,0.4242640687119295,20.855,11.27,30.44,13.555236995346117,6.76,5.06,8.46,2.4041630560342626,7.164,6.855,7.473,0.4369919907732863,0.55475,0.4973,0.6122,0.08124656915833425,36.92,36.6,37.24,0.4525483399593908,1369.0,1287.0,1451.0,115.96551211459379,7.91,81.625,84.845,3.219999999999999
2023-01-04 05:00:00+00:00,29.08,26.89,31.27,3.097127701597076,31.805,17.81,45.8,19.791918805411463,6.425,6.35,6.5,0.10606601717798238,7.043,6.947,7.139,0.13576450198781725,1.1092,1.0047,1.2137,0.1477853172679885,12.715,8.24,17.19,6.3286056916196,1332.5,1173.0,1492.0,225.56706319850866,8.02,84.845,88.08500000000001,3.240000000000009
2023-01-04 06:00:00+00:00,29.68,28.27,31.09,1.9940411229460642,27.150000000000002,11.35,42.95,22.344574285494904,6.57,5.76,7.38,1.1455129855222075,7.59,6.999,8.181,0.8358002153624992,1.17225,1.1458,1.1987,0.03740594872476848,16.53,11.94,21.12,6.491240251292508,1054.5,959.0,1150.0,135.0573952066306,8.01,88.08500000000001,86.57,-1.5150000000000148
2023-01-04 07:00:00+00:00,30.384999999999998,30.24,30.53,0.20506096654409944,21.325000000000003,21.1,21.55,0.31819805153394465,8.035,7.75,8.32,0.40305086527633227,7.5815,7.498,7.665,0.11808683245815331,0.9438,0.659,1.2286,0.4027680225638574,25.82,18.84,32.8,9.871210665364202,1087.0,1087.0,1087.0,0.0,8.094999999999999,86.57,86.725,0.15500000000000114
2023-01-04 08:00:00+00:00,27.15,26.91,27.39,0.3394112549695419,27.290000000000003,10.99,43.59,23.05168106668145,5.885,5.31,6.46,0.8131727983645299,7.6835,7.584,7.783,0.1407142494561238,0.5052,0.1891,0.8213,0.44703290706613535,37.33,30.64,44.02,9.461088732276005,1173.5,1025.0,1322.0,210.0107140124046,8.17,86.725,88.785,2.0600000000000023
2023-01-04 09:00:00+00:00,29.975,29.35,30.6,0.8838834764831844,32.605000000000004,15.21,50.0,24.600244917479987,8.195,8.08,8.31,0.16263455967290624,7.0355,6.814,7.257,0.3132483040656403,0.2561,0.0186,0.4936,0.3358757210636101,24.1,10.3,37.9,19.516147160748712,1196.5,1072.0,1321.0,176.06958851545033,8.114999999999998,88.785,89.445,0.6599999999999966
2023-01-04 10:00:00+00:00,28.700000000000003,28.69,28.71,0.014142135623729393,30.785,18.93,42.64,16.765501781933043,6.895,6.64,7.15,0.36062445840514007,7.224,6.923,7.525,0.4256782822743018,0.5781499999999999,0.556,0.6003,0.031324830406564017,40.69499999999999,39.48,41.91,1.7182694782833128,1091.5,982.0,1201.0,154.8563850798539,8.175,89.445,92.175,2.730000000000004
2023-01-04 11:00:00+00:00,28.41,27.21,29.61,1.6970562748477132,18.44,14.97,21.91,4.90732106143464,7.025,5.58,8.47,2.043538597629123,7.0685,6.846,7.291,0.31466251762801384,0.8176,0.589,1.0462,0.32328922035848956,26.865000000000002,24.48,29.25,3.37289934625983,1375.5,1287.0,1464.0,125.15790027001891,8.33,92.175,92.84,0.6650000000000063
2023-01-04 12:00:00+00:00,26.98,26.66,27.3,0.4525483399593908,34.135,22.16,46.11,16.935207409417814,7.055,5.81,8.3,1.7606958851545045,7.133,6.91,7.356,0.3153696244092,0.52125,0.3639,0.6786,0.2225265040394065,23.790000000000003,11.99,35.59,16.687720036002524,1174.0,923.0,1425.0,354.9676041556469,8.280000000000001,92.84,92.575,-0.26500000000000057
2023-01-04 13:00:00+00:00,27.96,27.77,28.15,0.2687005768508861,52.144999999999996,51.51,52.78,0.898025612106915,7.199999999999999,7.13,7.27,0.09899494936611612,7.2905,6.986,7.595,0.43062802974260744,0.45735000000000003,0.3486,0.5661,0.1537957249080741,23.025,20.95,25.1,2.9344931419241727,1092.0,971.0,1213.0,171.1198410471445,8.370000000000001,92.575,93.86500000000001,1.2900000000000063
2023-01-04 14:00:00+00:00,26.46,26.13,26.79,0.4666904755831227,36.629999999999995,29.86,43.4,9.574225817265855,6.3,5.81,6.79,0.6929646455628169,7.843,7.765,7.921,0.11030865786510183,0.5141,0.1191,0.9091,0.5586143571373726,15.274999999999999,10.85,19.7,6.257895013500946,1160.5,1087.0,1234.0,103.94469683442249,8.434999999999999,93.86500000000001,94.0,0.1349999999999909
2023-01-04 15:00:00+00:00,27.775,26.96,28.59,1.1525840533340705,22.455,20.25,24.66,3.118340905032676,5.695,5.62,5.77,0.10606601717798143,7.057,7.034,7.08,0.03252691193458168,0.9693,0.933,1.0056,0.05133595231414335,6.880000000000001,6.03,7.73,1.202081528017131,1198.5,912.0,1485.0,405.1721856198917,8.305,94.0,97.7,3.700000000000003
2023-01-04 16:00:00+00:00,27.34,26.27,28.41,1.5132085117392122,32.735,10.65,54.82,31.232906525009806,6.69,5.65,7.73,1.470782104868019,7.3185,6.946,7.691,0.5267945519839777,0.63825,0.5759,0.7006,0.0881762156139625,26.965000000000003,10.41,43.52,23.41230552508659,1132.0,921.0,1343.0,298.3990616607231,8.385,97.7,99.86500000000001,2.1650000000000063
2023-01-04 17:00:00+00:00,28.04,27.91,28.17,0.18384776310850473,17.335,14.28,20.39,4.3204224330498056,5.715,5.2,6.23,0.7283199846221438,7.3165,6.844,7.789,0.6682159082212867,1.0399,0.7834,1.2964,0.3627457787486989,35.305,26.98,43.63,11.77332790675602,1225.5,1021.0,1430.0,289.20667350529794,8.5,99.86500000000001,97.85499999999999,-2.0100000000000193
2023-01-04 18:00:00+00:00,26.490000000000002,25.77,27.21,1.0182337649086282,15.2,11.33,19.07,5.473006486383879,8.24,8.09,8.39,0.21213203435596475,7.492000000000001,6.873,8.111,0.8753981951089465,0.3861,0.0482,0.724,0.4778627627258688,19.884999999999998,17.47,22.3,3.415325753131025,1067.0,838.0,1296.0,323.85490578343877,8.55,97.85499999999999,101.125,3.2700000000000102
2023-01-04 19:00:00+00:00,26.049999999999997,25.88,26.22,0.2404163056034248,35.11,31.07,39.15,5.713422791987303,8.365,8.25,8.48,0.16263455967290624,7.6754999999999995,7.558,7.793,0.16617009357883922,0.5475,0.5185,0.5765,0.04101219330881979,23.915,22.58,25.25,1.8879751057680831,1180.5,1032.0,1329.0,210.0107140124046,8.61,101.125,98.1,-3.0250000000000057
2023-01-04 20:00:00+00:00,28.89,27.24,30.54,2.3334523779156084,52.75,50.87,54.63,2.658721497261422,6.0,5.61,6.39,0.5515432893255067,7.9094999999999995,7.8,8.019,0.1548563850798538,0.73935,0.6042,0.8745,0.1911309629547239,19.93,9.23,30.63,15.132085117392116,1072.0,948.0,1196.0,175.36248173426378,8.754999999999999,98.1,98.025,-0.07499999999998863
2023-01-04 21:00:00+00:00,28.34,26.97,29.71,1.9374725804511417,25.03,22.97,27.09,2.9132799384885777,7.545,7.44,7.65,0.14849242404917465,7.5985,7.275,7.922,0.4574980874276955,0.8604499999999999,0.8051,0.9158,0.0782767206773508,21.71,13.64,29.78,11.412703448350879,1448.5,1437.0,1460.0,16.263455967290593,8.53,98.025,100.465,2.4399999999999977
2023-01-04 22:00:00+00:00,29.365,29.15,29.58,0.30405591591021525,34.245,28.98,39.51,7.445834405894344,6.7,5.54,7.86,1.6404877323527904,7.4265,6.912,7.941,0.7276128778409574,1.1855,1.1497,1.2213,0.05062884553295688,21.045,11.08,31.01,14.092638149047893,1130.0,1101.0,1159.0,41.012193308819754,8.685,100.465,103.24000000000001,2.7750000000000057
2023-01-04 23:00:00+00:00,28.52,28.23,28.81,0.4101219330881964,32.305,23.4,41.21,12.593571772932412,5.785,5.78,5.79,0.007071067811865324,7.8100000000000005,7.567,8.053,0.34365389565666254,1.25685,1.08,1.4337,0.2501036685056818,21.84,7.45,36.23,20.350533162548835,1241.5,1037.0,1446.0,289.20667350529794,8.77,103.24000000000001,106.575,3.3349999999999937
2023-01-05 00:00:00+00:00,27.85,27.72,27.98,0.18384776310850473,34.035,30.47,37.6,5.0416713498600885,6.98,6.88,7.08,0.1414213562373093,7.6884999999999994,7.433,7.944,0.36133156518632553,0.16945000000000002,0.0372,0.3017,0.18702974362384184,15.36,7.33,23.39,11.356134905855953,1248.5,1035.0,1462.0,301.9345955666558,8.705,106.575,103.275,-3.299999999999997
2023-01-05 01:00:00+00:00,30.450000000000003,30.23,30.67,0.3111269837220831,28.265,24.72,31.81,5.013387078612623,6.175000000000001,5.32,7.03,1.2091525958289966,7.619,7.537,7.701,0.11596551211459358,0.498,0.0213,0.9747,0.6741556051832545,26.05,7.31,44.79,26.5023621588718,1028.5,1002.0,1055.0,37.476659402887016,8.695,103.275,104.92,1.644999999999996
2023-01-05 02:00:00+00:00,28.869999999999997,26.79,30.95,2.9415642097360366,52.8,48.18,57.42,6.533666658163698,7.0,5.93,8.07,1.5132085117392122,7.369,6.914,7.824,0.6434671708797584,0.86045,0.3728,1.3481,0.6896412436912398,38.575,32.8,44.35,8.167083322704624,1429.0,1397.0,1461.0,45.254833995939045,8.885,104.92,109.75999999999999,4.839999999999989
2023-01-05 03:00:00+00:00,30.41,29.87,30.95,0.7636753236814702,35.215,17.01,53.42,25.745757903002193,6.779999999999999,5.45,8.11,1.8809040379562163,7.015000000000001,6.884,7.146,0.18526197667087482,0.7455499999999999,0.0998,1.3913,0.9132284079024261,12.629999999999999,10.69,14.57,2.7435743110038042,1089.0,1034.0,1144.0,77.78174593052023,8.82,109.75999999999999,105.565,-4.194999999999993
2023-01-05 04:00:00+00:00,26.94,26.67,27.21,0.3818376618407351,44.55,34.37,54.73,14.396694064958107,8.18,8.02,8.34,0.2262741699796954,7.5215,7.023,8.02,0.7049854608429879,0.9681000000000001,0.5339,1.4023,0.6140515287823979,13.495,9.86,17.13,5.1406662992262,1299.0,1265.0,1333.0,48.08326112068523,8.885,105.565,109.99,4.424999999999997
2023-01-05 05:00:00+00:00,29.68,29.28,30.08,0.565685424949236,40.625,31.26,49.99,13.244110011624034,7.5600000000000005,7.29,7.83,0.38183766184073603,7.6365,7.107,8.166,0.7488260812765543,0.4475,0.1611,0.7339,0.4050307642636544,20.865,9.04,32.69,16.723075375061846,1176.0,1012.0,1340.0,231.93102422918759,8.965,109.99,111.98,1.990000000000009
2023-01-05 06:00:00+00:00,30.64,30.64,30.64,,11.12,11.12,11.12,,6.93,6.93,6.93,,7.272,7.272,7.272,,0.3926,0.3926,0.3926,,7.49,7.49,7.49,,1262.0,1262.0,1262.0,,8.87,111.98,80.5,-31.480000000000004
2023-05-01 08:00:00+00:00,28.4,26.51,30.29,2.672863632885149,17.295,15.14,19.45,3.0476302269140176,7.359999999999999,6.38,8.34,1.3859292911256333,8.05,7.991,8.109,0.08343860018001346,1.26075,1.1938,1.3277,0.0946815980008788,39.695,37.05,42.34,3.7405948724768407,1230.5,1211.0,1250.0,27.577164466275352,7.949999999999999,80.5,80.755,0.25499999999999545
2023-05-01 09:00:00+00:00,29.555,28.75,30.36,1.138441917710341,47.45,45.75,49.15,2.404163056034263,7.375,6.37,8.38,1.4212846301849607,7.9270000000000005,7.679,8.175,0.3507249634685279,0.6109,0.5237,0.6981,0.12331942263893393,18.6,5.23,31.97,18.908035328928282,1239.0,1036.0,1442.0,287.0853531617383,7.91,80.755,81.92,1.1650000000000063
2023-05-01 10:00:00+00:00,29.07,29.04,29.1,0.04242640687119446,47.230000000000004,39.67,54.79,10.691454531540595,7.85,7.71,7.99,0.19798989873223316,7.0875,7.028,7.147,0.08414570696119994,0.32865,0.0297,0.6276,0.4227791444714368,25.740000000000002,23.63,27.85,2.983990616607231,1306.0,1205.0,1407.0,142.8355697996826,8.175,81.92,81.47,-0.45000000000000284
2023-05-01 11:00:00+00:00,26.985,26.81,27.16,0.24748737341529264,36.254999999999995,33.35,39.16,4.1082903986938355,5.945,5.81,6.08,0.1909188309203685,6.945,6.828,7.062,0.16546298679765212,0.5726,0.451,0.6942,0.1719683691845684,17.439999999999998,17.16,17.72,0.39597979746446693,1133.5,1046.0,1221.0,123.74368670764582,8.094999999999999,81.47,84.5,3.030000000000001
2023-05-01 12:00:00+00:00,29.375,27.53,31.22,2.609224022578359,42.02,27.02,57.02,21.213203435596427,7.165,6.6,7.73,0.7990306627407993,7.2075,7.068,7.347,0.197282791951047,0.8541000000000001,0.6225,1.0857,0.3275318610456089,42.06,40.67,43.45,1.9657568516986028,927.5,871.0,984.0,79.90306627407988,8.23,84.5,85.10499999999999,0.6049999999999898
2023-05-01 13:00:00+00:00,30.21,29.11,31.31,1.5556349186104053,35.34,14.14,56.54,29.981327522309613,8.015,7.67,8.36,0.48790367901871806,7.7425,7.376,8.109,0.5183092706097394,0.6613,0.5834,0.7392,0.11016723650886406,30.104999999999997,21.24,38.97,12.537003230437486,905.0,805.0,1005.0,141.4213562373095,8.14,85.10499999999999,86.005,0.9000000000000057
2023-05-01 14:00:00+00:00,27.060000000000002,26.98,27.14,0.11313708498984897,33.92,16.5,51.34,24.63560025653932,7.550000000000001,7.11,7.99,0.6222539674441621,7.715999999999999,7.403,8.029,0.4426488450227793,0.8817999999999999,0.6501,1.1135,0.3276732824018461,6.880000000000001,5.55,8.21,1.8809040379562167,1376.5,1343.0,1410.0,47.37615433949868,8.325,86.005,87.42,1.4150000000000063
2023-05-01 15:00:00+00:00,29.335,27.54,31.13,2.5385133444597043,45.79,38.25,53.33,10.663170260293136,7.835,7.75,7.92,0.12020815280171303,7.397,7.146,7.648,0.35496760415564704,1.04915,0.8025,1.2958,0.34881577515932394,11.559999999999999,5.63,17.49,8.386286424872452,1342.0,1186.0,1498.0,220.61731573020282,8.33,87.42,89.36,1.9399999999999977
2023-05-01 16:00:00+00:00,28.52,28.47,28.57,0.07071067811865576,46.975,38.59,55.36,11.8581807204984,6.625,6.32,6.93,0.43133513652379357,7.1075,6.917,7.298,0.2694076836320748,0.8192499999999999,0.4522,1.1863,0.5190870880690445,23.674999999999997,5.69,41.66,25.43463091928011,925.5,875.0,976.0,71.4177848998413,8.254999999999999,89.36,88.495,-0.8649999999999949
2023-05-01 17:00:00+00:00,27.630000000000003,27.21,28.05,0.593969696196701,44.135,31.12,57.15,18.405989514285828,6.49,5.16,7.82,1.8809040379562165,7.508,7.267,7.749,0.3408254685319154,0.6705,0.5244,0.8166,0.20661660146270922,25.305,17.36,33.25,11.23592675305424,1101.0,1054.0,1148.0,66.46803743153546,8.425,88.495,90.035,1.539999999999992
2023-05-01 18:00:00+00:00,27.985,27.08,28.89,1.2798632739476528,42.845,28.87,56.82,19.763634534164005,6.725,5.62,7.83,1.5627059864222697,6.9945,6.901,7.088,0.13222896808188428,0.86425,0.6272,1.1013,0.33523932496054215,17.89,10.31,25.47,10.719738802788058,1125.5,1107.0,1144.0,26.16295090390226,8.42,90.035,91.935,1.9000000000000057
2023-05-01 19:00:00+00:00,29.4,28.22,30.58,1.6687720036002518,29.78,15.8,43.76,19.77070560197587,7.3149999999999995,6.8,7.83,0.7283199846221444,7.7545,7.334,8.175,0.5946768029778873,0.7573500000000001,0.191,1.3237,0.8009398510500024,23.875,5.21,42.54,26.396296141693817,1006.0,926.0,1086.0,113.13708498984761,8.530000000000001,91.935,92.075,0.14000000000000057
2023-05-01 20:00:00+00:00,28.44,28.21,28.67,0.3252691193458125,25.169999999999998,12.11,38.23,18.469629124592622,5.875,5.86,5.89,0.021213203435595972,7.8629999999999995,7.827,7.899,0.05091168824543115,0.9165,0.8774,0.9556,0.05529575028878805,21.34,21.09,21.59,0.3535533905932738,1340.5,1286.0,1395.0,77.07463914933368,8.515,92.075,94.125,2.049999999999997
2023-05-01 21:00:00+00:00,29.835,28.48,31.19,1.9162593770155443,54.36,52.21,56.51,3.0405591591021524,7.2700000000000005,6.41,8.13,1.2162236636408623,7.428,6.963,7.893,0.657609306503489,0.25605,0.1864,0.3257,0.09849997461928606,14.195,7.77,20.62,9.086322138247137,1193.5,1182.0,1205.0,16.263455967290593,8.74,94.125,96.345,2.219999999999999
2023-05-01 22:00:00+00:00,27.725,26.56,28.89,1.6475588001646582,30.375,16.96,43.79,18.97167493923507,6.575,5.0,8.15,2.227386360737625,7.7705,7.642,7.899,0.1817264427649425,0.36605,0.2587,0.4734,0.15181582592075174,32.425,30.53,34.32,2.679934700697017,1255.5,1187.0,1324.0,96.87362902255701,8.59,96.345,96.06,-0.2849999999999966
2023-05-01 23:00:00+00:00,27.94,26.78,29.1,1.6404877323527904,38.245000000000005,22.71,53.78,21.96980769146603,7.005000000000001,5.54,8.47,2.0718228688765845,7.721,7.255,8.187,0.6590235200658622,0.39095,0.3732,0.4087,0.025102290732122442,21.294999999999998,10.54,32.05,15.209866863322636,1397.0,1356.0,1438.0,57.982756057296896,8.69,96.06,96.055,-0.0049999999999954525
2023-05-02 00:00:00+00:00,28.45,26.13,30.77,3.280975464705581,21.53,19.14,23.92,3.379970414071698,7.535,6.73,8.34,1.138441917710341,8.099499999999999,8.081,8.118,0.026162950903902204,0.8184,0.5102,1.1266,0.4358606199233879,27.965,27.78,28.15,0.26162950903902077,1250.0,1075.0,1425.0,247.48737341529164,8.745000000000001,96.055,96.83000000000001,0.7750000000000057
2023-05-02 01:00:00+00:00,30.235,29.74,30.73,0.7000357133746835,30.145000000000003,16.48,43.81,19.325228329828345,6.74,6.69,6.79,0.0707106781186545,7.122999999999999,6.816,7.43,0.4341635636485404,1.1708,0.8621,1.4795,0.43656772670457444,29.955000000000002,20.17,39.74,13.838079707820736,1217.5,1136.0,1299.0,115.25840533340725,8.745000000000001,96.83000000000001,98.74,1.9099999999999824
2023-05-02 02:00:00+00:00,28.285,28.17,28.4,0.16263455967290372,40.325,23.45,57.2,23.86485386504598,6.27,5.32,7.22,1.3435028842544396,7.555999999999999,6.944,8.168,0.8654987001723334,0.8806499999999999,0.628,1.1333,0.3573010565335625,24.799999999999997,19.86,29.74,6.98621499812309,1176.0,1072.0,1280.0,147.07821048680188,8.675,98.74,97.445,-1.2950000000000017
2023-05-02 03:00:00+00:00,26.715,26.54,26.89,0.24748737341529264,37.745000000000005,33.77,41.72,5.621498910433047,5.155,5.11,5.2,0.06363961030678918,7.869,7.567,8.171,0.42709249583667414,1.1651,1.0217,1.3085,0.2027982248443018,27.045,23.77,30.32,4.631549416771888,992.0,857.0,1127.0,190.91883092036784,8.785,97.445,101.195,3.75
2023-05-02 04:00:00+00:00,28.59,27.37,29.81,1.7253405460951743,37.605,15.24,59.97,31.62888632247427,6.26,5.96,6.56,0.4242640687119283,7.322,7.066,7.578,0.36203867196751266,0.8783000000000001,0.6237,1.1329,0.36005877298018996,23.744999999999997,22.72,24.77,1.4495689014324242,993.0,908.0,1078.0,120.20815280171308,8.81,101.195,101.35,0.15500000000000114
2023-05-02 05:00:00+00:00,29.395,29.09,29.7,0.43133513652379357,32.095,29.26,34.93,4.009295449327722,7.825,7.18,8.47,0.9121677477306469,7.3505,7.086,7.615,0.37405948724768356,0.4058,0.3135,0.4981,0.13053191180703666,31.445,23.45,39.44,11.306637431172895,1306.0,1127.0,1485.0,253.144227664784,8.825,101.35,103.275,1.9250000000000114
2023-05-02 06:00:00+00:00,27.23,26.41,28.05,1.1596551211459383,43.545,33.8,53.29,13.781511165325815,6.68,6.35,7.01,0.4666904755831215,7.215999999999999,6.904,7.528,0.44123463146040515,0.846,0.8246,0.8674,0.0302641702347842,33.88,25.16,42.6,12.33194226389339,1193.5,1114.0,1273.0,112.42997820866105,8.809999999999999,103.275,101.72999999999999,-1.545000000000016
2023-05-02 07:00:00+00:00,27.785,26.68,28.89,1.5627059864222705,28.634999999999998,15.55,41.72,18.504984463651947,7.21,6.45,7.97,1.074802307403552,7.586,7.524,7.648,0.08768124086713197,0.7305999999999999,0.043,1.4182,0.97241324548774,40.64,38.31,42.97,3.295117600329309,1204.0,910.0,1498.0,415.77878733768995,8.965,101.72999999999999,102.355,0.6250000000000142
2023-05-02 08:00:00+00:00,28.945,28.23,29.66,1.0111626970967629,29.34,10.14,48.54,27.152900397563425,8.115,8.07,8.16,0.06363961030678918,7.7595,7.683,7.836,0.10818733752154211,0.8983000000000001,0.7486,1.048,0.21170777028725238,29.525,19.5,39.55,14.177490962790277,1162.0,1028.0,1296.0,189.50461735799473,9.065000000000001,102.355,103.995,1.6400000000000006
2023-05-02 09:00:00+00:00,27.4,26.35,28.45,1.4849242404917495,36.125,19.3,52.95,23.794143186927325,6.755,5.1,8.41,2.3405234457274724,7.6675,7.569,7.766,0.1393000358937496,1.03235,0.6643,1.4004,0.5205013016314177,25.7,9.4,42.0,23.051681066681446,1113.5,955.0,1272.0,224.15284963613556,8.985,103.995,107.185,3.1899999999999977
2023-05-02 10:00:00+00:00,28.45,26.34,30.56,2.98399061660723,34.195,30.79,37.6,4.8153971798803905,7.785,7.63,7.94,0.2192031021678301,7.318,7.002,7.634,0.44689148570989873,1.12205,0.7733,1.4708,0.4932069798776169,18.725,7.18,30.27,16.327095577597383,936.0,801.0,1071.0,190.91883092036784,9.045,107.185,106.85499999999999,-0.3300000000000125
2023-05-02 11:00:00+00:00,28.189999999999998,26.68,29.7,2.135462479183372,37.269999999999996,28.56,45.98,12.317800128269655,7.074999999999999,5.8,8.35,1.8031222920256964,7.5685,7.041,8.096,0.7459976541518075,0.6649499999999999,0.1803,1.1496,0.6853986030041205,37.37,30.77,43.97,9.333809511662428,1197.5,1085.0,1310.0,159.0990257669732,9.2,106.85499999999999,107.78,0.9250000000000114
2023-05-02 12:00:00+00:00,29.5,29.4,29.6,0.14142135623731153,50.005,46.52,53.49,4.928534264870236,6.449999999999999,5.52,7.38,1.315218613006979,7.1495,6.896,7.403,0.3585031380615794,1.0917,1.0216,1.1618,0.09913637072235396,17.490000000000002,7.79,27.19,13.717871555019022,1109.5,812.0,1407.0,420.72853480599576,9.120000000000001,107.78,110.675,2.894999999999996
2023-05-02 13:00:00+00:00,27.355,27.27,27.44,0.12020815280171429,46.1,42.39,49.81,5.2467323164041835,6.15,5.79,6.51,0.5091168824543137,7.6075,7.441,7.774,0.23546655813512046,1.2973,1.167,1.4276,0.18427202717721416,36.16,34.91,37.41,1.7677669529663689,1167.0,1037.0,1297.0,183.84776310850236,9.155,110.675,113.31,2.635000000000005
2023-05-02 14:00:00+00:00,29.02,28.22,29.82,1.1313708498984771,29.75,11.8,47.7,25.38513344459706,7.244999999999999,6.97,7.52,0.3889087296526007,7.252000000000001,6.929,7.575,0.4567909806465093,1.1041500000000002,0.9209,1.2874,0.2591546353048696,17.36,13.17,21.55,5.9255548263432685,1015.0,893.0,1137.0,172.5340546095176,9.195,113.31,114.055,0.7450000000000045
2023-05-02 15:00:00+00:00,28.18,26.75,29.61,2.0223253941935257,43.14,29.74,56.54,18.950461735799472,6.32,6.14,6.5,0.25455844122715765,7.7415,7.698,7.785,0.06151828996322945,0.8155999999999999,0.6181,1.0131,0.27930717856868614,17.44,6.69,28.19,15.202795795510772,1187.5,970.0,1405.0,307.59144981614816,9.255,114.055,113.565,-0.4900000000000091
2023-05-02 16:00:00+00:00,29.990000000000002,29.66,30.32,0.4666904755831227,31.57,16.29,46.85,21.609183233060893,6.720000000000001,5.5,7.94,1.7253405460951765,7.456,7.323,7.589,0.18809040379562167,0.8351,0.3406,1.3296,0.6993286065934954,33.035000000000004,23.12,42.95,14.021927470929237,1441.5,1423.0,1460.0,26.16295090390226,9.195,113.565,112.59,-0.9749999999999943
2023-05-02 17:00:00+00:00,28.775,26.86,30.69,2.708218971944477,35.67,12.61,58.73,32.61176474832357,7.335,6.51,8.16,1.1667261889578036,7.586,7.431,7.741,0.21920310216782915,1.19915,1.0748,1.3235,0.1758574564810943,19.92,7.42,32.42,17.67766952966369,1316.0,1266.0,1366.0,70.71067811865476,9.32,112.59,113.91,1.3199999999999932
2023-05-02 18:00:00+00:00,29.245,29.21,29.28,0.049497474683058526,38.76,33.41,44.11,7.5660425586960605,7.18,6.4,7.96,1.1030865786510136,7.576499999999999,7.536,7.617,0.05727564927611032,1.0743,1.0489,1.0997,0.03592102448427666,8.93,6.0,11.86,4.143645737753168,1184.5,942.0,1427.0,342.94678887547553,9.275,113.91,114.755,0.8449999999999989
2023-05-02 19:00:00+00:00,28.380000000000003,28.1,28.66,0.3959797974644645,26.615000000000002,14.27,38.96,17.45846642749586,7.775,7.67,7.88,0.14849242404917465,6.976,6.803,7.149,0.2446589462905455,0.9171499999999999,0.7029,1.1314,0.30299525573843555,23.165,23.14,23.19,0.03535533905932913,989.5,979.0,1000.0,14.849242404917497,9.495000000000001,114.755,116.525,1.7700000000000102
2023-05-02 20:00:00+00:00,28.369999999999997,26.59,30.15,2.5173001410241094,27.745,12.15,43.34,22.054660505208417,7.51,6.91,8.11,0.8485281374238566,7.004,6.964,7.044,0.05656854249492291,0.8128,0.3131,1.3125,0.7066825171178356,36.92,32.43,41.41,6.349818895055193,1220.5,1163.0,1278.0,81.31727983645297,9.379999999999999,116.525,119.435,2.9099999999999966
2023-05-02 21:00:00+00:00,27.98,26.76,29.2,1.7253405460951743,50.135000000000005,49.1,51.17,1.4637110370561561,5.805,5.72,5.89,0.12020815280171303,7.543,7.429,7.657,0.16122034611053268,0.3176,0.1998,0.4354,0.1665943576475506,36.85,30.56,43.14,8.895403307326768,1317.0,1270.0,1364.0,66.46803743153546,9.600000000000001,119.435,118.69,-0.7450000000000045
2023-05-02 22:00:00+00:00,29.36,28.83,29.89,0.7495331880577419,26.09,14.99,37.19,15.697770542341352,6.555,6.03,7.08,0.7424621202458751,7.6065000000000005,7.098,8.115,0.7191275964667188,0.7864,0.7707,0.8021,0.022203152929257543,34.32,28.38,40.26,8.400428560496186,1337.0,1183.0,1491.0,217.78888860545663,9.51,118.69,122.065,3.375
2023-05-02 23:00:00+00:00,29.01,26.67,31.35,3.309259735953042,33.245,22.09,44.4,15.775552288271873,6.17,5.11,7.23,1.4990663761154812,7.345000000000001,6.809,7.881,0.7580184694319787,0.92275,0.6128,1.2327,0.43833549365754076,34.525,30.7,38.35,5.4093668760770885,1161.5,1107.0,1216.0,77.07463914933368,9.515,122.065,120.53999999999999,-1.5250000000000057
2023-05-03 00:00:00+00:00,30.145,29.05,31.24,1.5485638507985375,53.73,51.91,55.55,2.5738686835190334,6.155,6.03,6.28,0.1767766952966369,7.4990000000000006,7.323,7.675,0.24890158697766462,0.3808,0.0299,0.7317,0.4962475390367191,21.38,8.14,34.62,18.724187565819776,1470.5,1448.0,1493.0,31.81980515339464,9.73,120.53999999999999,119.13,-1.4099999999999966
2023-05-03 01:00:00+00:00,28.58,26.94,30.22,2.3193102422918757,51.455,45.47,57.44,8.464068170802973,7.345000000000001,6.61,8.08,1.0394469683442251,7.2745,6.871,7.678,0.5706351724175438,0.79785,0.6205,0.9752,0.25081077528686835,18.78,8.8,28.76,14.11385135248349,983.0,800.0,1166.0,258.8010819142764,9.77,119.13,124.0,4.8700000000000045
2023-05-03 02:00:00+00:00,28.4,27.91,28.89,0.6929646455628157,29.19,11.57,46.81,24.918442969013935,6.609999999999999,5.33,7.89,1.8101933598375617,7.7255,7.34,8.111,0.5451793282948287,0.2308,0.0331,0.4285,0.2795900212811609,20.384999999999998,7.66,33.11,17.995867581197633,870.0,843.0,897.0,38.18376618407357,9.594999999999999,124.0,122.81,-1.1899999999999977
2023-05-03 03:00:00+00:00,28.880000000000003,28.82,28.94,0.08485281374238515,40.905,26.51,55.3,20.3576042303607,6.355,5.17,7.54,1.6758430714121173,7.8375,7.559,8.116,0.3938584771209063,0.19625,0.0726,0.3199,0.17486750698743322,27.93,14.23,41.63,19.374725804511407,1001.5,939.0,1064.0,88.38834764831844,9.52,122.81,122.66499999999999,-0.14500000000001023
2023-05-03 04:00:00+00:00,28.785,28.46,29.11,0.4596194077712549,34.785,23.33,46.24,16.19981635698381,6.970000000000001,6.23,7.71,1.0465180361560904,7.4625,7.109,7.816,0.4999244942988887,0.50245,0.2808,0.7241,0.31346043609999646,22.25,14.85,29.65,10.465180361560904,1158.0,1036.0,1280.0,172.5340546095176,9.8,122.66499999999999,127.13999999999999,4.474999999999994
2023-05-03 05:00:00+00:00,29.990000000000002,29.23,30.75,1.0748023074035506,32.980000000000004,12.08,53.88,29.557063453597692,7.345,6.8,7.89,0.7707463914933367,7.749499999999999,7.664,7.835,0.12091525958290013,1.1953,1.1172,1.2734,0.1104500792213388,30.75,28.87,32.63,2.6587214972614186,1168.5,871.0,1466.0,420.72853480599576,9.925,127.13999999999999,125.02000000000001,-2.119999999999976
2023-05-03 06:00:00+00:00,28.805,27.92,29.69,1.25157900270019,39.0,29.88,48.12,12.897627688842624,5.890000000000001,5.16,6.62,1.0323759005323596,7.416,7.101,7.731,0.44547727214752453,1.1478,0.8229,1.4727,0.4594779864150185,34.555,25.06,44.05,13.427957774732535,1028.0,989.0,1067.0,55.154328932550705,9.86,125.02000000000001,125.795,0.7749999999999915
2023-05-03 07:00:00+00:00,29.36,28.24,30.48,1.5839191898578677,28.055,23.36,32.75,6.639732675341682,7.14,6.02,8.26,1.5839191898578666,7.6685,7.497,7.84,0.24253762594698577,0.7280500000000001,0.6812,0.7749,0.06625590539717947,26.18,20.02,32.34,8.711555544218267,1013.0,906.0,1120.0,151.32085117392117,9.85,125.795,129.41,3.614999999999995
2023-05-03 08:00:00+00:00,28.5,28.13,28.87,0.5232590180780465,18.784999999999997,16.58,20.99,3.1183409050326736,6.640000000000001,6.37,6.91,0.38183766184073537,7.651999999999999,7.258,8.046,0.5572001435749994,0.91945,0.355,1.4839,0.7982528452814935,38.69,37.0,40.38,2.390020920410535,936.0,841.0,1031.0,134.35028842544403,9.955,129.41,131.76,2.3499999999999943
2023-05-03 09:00:00+00:00,29.285,28.77,29.8,0.7283199846221448,45.815,38.77,52.86,9.96313454691845,6.965,6.86,7.07,0.14849242404917526,7.4239999999999995,6.918,7.93,0.7155920625607861,0.7441000000000001,0.0738,1.4144,0.9479473508586858,11.515,10.01,13.02,2.1283914113715072,1176.0,938.0,1414.0,336.5828278447966,9.955,131.76,129.38,-2.3799999999999955
2023-05-03 10:00:00+00:00,29.39,28.11,30.67,1.8101933598375632,21.475,13.82,29.13,10.82580481996604,5.74,5.21,6.27,0.7495331880577397,7.975,7.944,8.006,0.043840620433565826,0.3947,0.1143,0.6751,0.3965454828894159,23.15,13.65,32.65,13.435028842544403,1277.0,1072.0,1482.0,289.9137802864845,10.02,129.38,129.425,0.045000000000015916
2023-05-03 11:00:00+00:00,25.79,25.63,25.95,0.2262741699796954,23.740000000000002,19.09,28.39,6.576093065034894,6.615,5.7,7.53,1.294005409571382,7.465999999999999,7.414,7.518,0.0735391052434007,1.00655,0.9165,1.0966,0.12734993129169728,29.44,29.12,29.76,0.4525483399593908,1247.5,1215.0,1280.0,45.96194077712559,10.055,129.425,132.585,3.1599999999999966
2023-05-03 12:00:00+00:00,27.92,27.05,28.79,1.2303657992645929,29.19,26.6,31.78,3.662813126546316,5.375,5.04,5.71,0.4737615433949868,7.658,7.121,8.195,0.759432682994352,0.81545,0.568,1.0629,0.3499471460092224,39.335,36.04,42.63,4.659833688019351,1264.0,1223.0,1305.0,57.982756057296896,10.14,132.585,131.075,-1.5100000000000193
2023-05-03 13:00:00+00:00,26.909999999999997,26.74,27.08,0.2404163056034273,37.02,27.09,46.95,14.043140674364835,7.3100000000000005,6.53,8.09,1.1030865786510136,7.6525,7.566,7.739,0.12232947314527275,0.319,0.0775,0.5605,0.34153257531310244,14.509999999999998,10.12,18.9,6.208397538817888,1286.5,1206.0,1367.0,113.84419177103415,10.07,131.075,133.885,2.8100000000000023
2023-05-03 14:00:00+00:00,26.225,25.66,26.79,0.7990306627407993,31.625,21.16,42.09,14.799744930234443,5.425,5.18,5.67,0.34648232278140845,7.4335,7.086,7.781,0.4914392129246504,0.9630000000000001,0.5314,1.3946,0.6103745735202278,21.630000000000003,20.84,22.42,1.1172287142747477,1165.0,1141.0,1189.0,33.94112549695428,10.325,133.885,135.36,1.4750000000000227
2023-05-03 15:00:00+00:00,28.485,26.61,30.36,2.6516504294495533,38.465,38.4,38.53,0.0919238815542555,6.824999999999999,6.09,7.56,1.0394469683442251,7.8309999999999995,7.716,7.946,0.1626345596729059,0.9118499999999999,0.575,1.2487,0.476377838485377,36.225,31.77,40.68,6.300321420372137,1352.5,1292.0,1413.0,85.55992052357225,10.09,135.36,132.215,-3.1450000000000102
2023-05-03 16:00:00+00:00,29.259999999999998,29.18,29.34,0.11313708498984897,40.285,37.42,43.15,4.051721856198912,6.85,6.46,7.24,0.5515432893255069,7.473000000000001,6.87,8.076,0.8527707781109762,0.9156,0.5661,1.2651,0.4942676400493966,22.159999999999997,17.24,27.08,6.957930726875629,1144.5,991.0,1298.0,217.08178182427008,10.245000000000001,132.215,139.04000000000002,6.825000000000017
2023-05-03 17:00:00+00:00,27.955,25.72,30.19,3.160767311903868,48.870000000000005,43.78,53.96,7.198347032479056,7.395,7.13,7.66,0.3747665940288701,7.0695,6.841,7.298,0.32314779900225243,0.5519000000000001,0.1521,0.9517,0.5654025822367634,29.115,21.65,36.58,10.557104243115154,1029.0,1026.0,1032.0,4.242640687119285,10.285,139.04000000000002,134.285,-4.755000000000024
2023-05-03 18:00:00+00:00,29.105,28.26,29.95,1.1950104602052638,44.42,37.35,51.49,9.998489885977783,8.0,7.86,8.14,0.19798989873223316,6.865,6.822,6.908,0.060811183182043295,0.1235,0.0825,0.1645,0.05798275605729689,17.86,11.72,24.0,8.683271272970805,1054.0,938.0,1170.0,164.04877323527901,10.280000000000001,134.285,141.03,6.7450000000000045
2023-05-03 19:00:00+00:00,28.865000000000002,28.82,28.91,0.06363961030678791,32.435,24.56,40.31,11.136931803688128,5.915,5.88,5.95,0.049497474683058526,7.6865000000000006,7.297,8.076,0.5508361825443214,0.7602500000000001,0.6448,0.8757,0.16327095577597386,24.955000000000002,7.21,42.7,25.095219664310573,931.0,914.0,948.0,24.041630560342615,10.4,141.03,141.53,0.5
2023-05-03 20:00:00+00:00,28.634999999999998,27.44,29.83,1.6899852070358452,18.985,17.62,20.35,1.9304015126392737,5.8100000000000005,5.44,6.18,0.5232590180780443,7.247999999999999,7.101,7.395,0.20788939366884437,0.8065,0.7864,0.8266,0.02842569260369922,15.265,7.99,22.54,10.288403666264264,1055.5,862.0,1249.0,273.6503243191939,10.465,141.53,141.54000000000002,0.010000000000019327
2023-05-03 21:00:00+00:00,29.0,28.51,29.49,0.6929646455628143,50.239999999999995,45.51,54.97,6.689230150024738,7.46,6.42,8.5,1.470782104868019,7.6345,7.633,7.636,0.002121320343559723,0.7756000000000001,0.5318,1.0194,0.3447852665065606,35.305,26.2,44.41,12.876414485407027,1185.0,903.0,1467.0,398.8082245892128,10.565,141.54000000000002,138.425,-3.115000000000009
2023-05-03 22:00:00+00:00,30.4,29.88,30.92,0.7353910524340126,48.515,40.16,56.87,11.815754313627211,6.72,5.77,7.67,1.3435028842544405,7.2935,7.266,7.321,0.038890872965259914,0.5860000000000001,0.0318,1.1402,0.7837571562671694,10.61,9.58,11.64,1.4566399692442875,938.5,805.0,1072.0,188.79751057680818,10.48,138.425,141.41500000000002,2.990000000000009
2023-05-03 23:00:00+00:00,29.03,27.02,31.04,2.8425692603699195,23.330000000000002,12.99,33.67,14.622968234937805,6.21,5.52,6.9,0.9758073580374361,7.688,7.337,8.039,0.4963889603929563,0.69575,0.3188,1.0727,0.5330878023365382,8.285,5.35,11.22,4.150716805565034,964.5,946.0,983.0,26.16295090390226,10.41,141.41500000000002,144.525,3.109999999999985
2023-05-04 00:00:00+00:00,26.369999999999997,26.18,26.56,0.2687005768508861,41.345,39.11,43.58,3.1607673119038666,6.390000000000001,6.33,6.45,0.08485281374238547,7.343999999999999,7.197,7.491,0.20788939366884437,0.7916,0.5861,0.9971,0.29062088706767103,21.755,13.29,30.22,11.97131780548825,1088.0,827.0,1349.0,369.10973977937783,10.620000000000001,144.525,146.70999999999998,2.184999999999974
2023-05-04 01:00:00+00:00,27.195,26.43,27.96,1.0818733752154186,40.735,21.96,59.51,26.55185963355486,6.355,5.07,7.64,1.817264427649427,7.6285,7.356,7.901,0.38537319574666834,0.5596,0.527,0.5922,0.046103362133362844,9.805,5.82,13.79,5.635641046056783,1005.0,918.0,1092.0,123.03657992645927,10.595,146.70999999999998,147.435,0.7250000000000227
2023-05-04 02:00:00+00:00,28.07,26.68,29.46,1.9657568516986028,39.545,36.54,42.55,4.2497117549311465,6.375,5.94,6.81,0.6151828996322958,7.337,7.155,7.519,0.2573868683519029,0.3206,0.2464,0.3948,0.10493464632808364,28.840000000000003,19.62,38.06,13.039049045079938,1106.5,1043.0,1170.0,89.80256121069154,10.67,147.435,146.595,-0.8400000000000034
2023-05-04 03:00:00+00:00,28.744999999999997,26.4,31.09,3.31633080376491,40.144999999999996,38.06,42.23,2.948635277547897,6.57,5.94,7.2,0.8909545442950497,7.6955,7.208,8.183,0.6894291116568836,0.78375,0.6554,0.9121,0.18151431073058674,18.125,17.1,19.15,1.4495689014324205,1198.0,1017.0,1379.0,255.9726547895302,10.595,146.595,149.02,2.4250000000000114
2023-05-04 04:00:00+00:00,30.52,30.5,30.54,0.028284271247461298,34.55,20.25,48.85,20.22325394193526,6.48,6.27,6.69,0.29698484809835085,7.6385,7.398,7.879,0.3401183617507293,1.2220499999999999,1.1637,1.2804,0.08251936136447019,27.905,11.8,44.01,22.775909422018696,1037.0,976.0,1098.0,86.2670273047588,10.809999999999999,149.02,150.365,1.3449999999999989
2023-05-04 05:00:00+00:00,30.439999999999998,29.99,30.89,0.636396103067893,43.635000000000005,40.99,46.28,3.7405948724768385,7.765000000000001,7.21,8.32,0.7848885271170684,7.5045,7.089,7.92,0.5876057351660207,0.97845,0.8171,1.1398,0.22818335828889877,38.5,36.07,40.93,3.4365389565666207,1166.0,857.0,1475.0,436.9919907732864,10.925,150.365,149.925,-0.4399999999999977
2023-05-04 06:00:00+00:00,27.759999999999998,27.02,28.5,1.046518036156092,53.58,52.36,54.8,1.7253405460951743,6.205,5.45,6.96,1.0677312395916867,7.638999999999999,7.267,8.011,0.5260874452027909,0.5478,0.4673,0.6283,0.11384419177103416,26.265,8.06,44.47,25.745757903002193,1087.5,1068.0,1107.0,27.577164466275352,10.82,149.925,151.32,1.3949999999999818
2023-05-04 07:00:00+00:00,29.005,27.9,30.11,1.5627059864222705,24.785,23.81,25.76,1.3788582233137696,7.605,7.48,7.73,0.1767766952966369,8.0425,8.004,8.081,0.05444722215136476,0.8287500000000001,0.5855,1.072,0.34400744904725544,12.395,8.94,15.85,4.886107857999043,1228.0,1087.0,1369.0,199.4041122946064,10.785,151.32,153.595,2.2750000000000057
2023-05-04 08:00:00+00:00,28.255000000000003,26.59,29.92,2.3546655813512056,47.72,36.36,59.08,16.065466068558358,7.0,5.6,8.4,1.9798989873223336,7.375500000000001,6.849,7.902,0.7445834405894342,0.58655,0.2862,0.8869,0.4247590434587591,35.72,33.27,38.17,3.4648232278140796,965.5,904.0,1027.0,86.97413408594535,10.870000000000001,153.595,152.865,-0.7299999999999898
2023-05-04 09:00:00+00:00,28.575000000000003,27.98,29.17,0.8414570696119912,36.755,18.19,55.32,26.254874785456508,6.0649999999999995,5.56,6.57,0.7141778489984132,7.6995000000000005,7.376,8.023,0.4574980874276955,1.0987,0.9037,1.2937,0.2757716446627536,20.465,11.24,29.69,13.046120112891803,1272.5,1046.0,1499.0,320.319371877506,10.995000000000001,152.865,155.925,3.0600000000000023
2023-05-04 10:00:00+00:00,29.4,29.25,29.55,0.2121320343559635,46.315,42.14,50.49,5.904341622907675,5.484999999999999,5.34,5.63,0.2050609665440985,7.83,7.693,7.967,0.19374725804511372,1.1968,1.0893,1.3043,0.15202795795510785,30.18,24.14,36.22,8.541849916733494,1087.5,882.0,1293.0,290.62088706767105,10.98,155.925,154.625,-1.3000000000000114
2023-05-04 11:00:00+00:00,28.064999999999998,26.32,29.81,2.4678026663410484,42.12,26.87,57.37,21.566756826189696,6.619999999999999,5.43,7.81,1.6829141392239826,7.524,7.499,7.549,0.03535533905932788,0.98125,0.8413,1.1212,0.19791918805411454,17.305,17.14,17.47,0.23334523779155947,1018.0,985.0,1051.0,46.66904755831214,10.955,154.625,157.285,2.6599999999999966
2023-05-04 12:00:00+00:00,28.645,26.75,30.54,2.6799347006970144,41.595,36.94,46.25,6.583164132846759,6.710000000000001,5.44,7.98,1.7960512242138305,7.449999999999999,7.002,7.898,0.6335676759431468,0.54515,0.2091,0.8812,0.47524646763547856,8.55,5.13,11.97,4.8366103833159855,1324.5,1154.0,1495.0,241.1234123846127,10.945,157.285,154.68,-2.6049999999999898
2023-05-04 13:00:00+00:00,28.115000000000002,26.67,29.56,2.0435385976291216,28.765,13.03,44.5,22.25265040394065,5.66,5.11,6.21,0.7778174593052021,7.4435,7.387,7.5,0.07990306627407986,0.67655,0.6714,0.6817,0.0072831998462214225,31.345000000000002,22.67,40.02,12.2683026535866,1208.5,1009.0,1408.0,282.13560569343247,11.15,154.68,159.23,4.549999999999983
2023-05-04 14:00:00+00:00,28.740000000000002,27.22,30.26,2.1496046148071075,50.515,44.5,56.53,8.506494577674168,5.34,5.18,5.5,0.2262741699796954,7.7684999999999995,7.638,7.899,0.18455486988968867,1.04525,0.6523,1.4382,0.5557152193345077,32.599999999999994,20.83,44.37,16.645293629131327,1252.5,1246.0,1259.0,9.192388155425117,11.21,159.23,161.905,2.6750000000000114
2023-05-04 15:00:00+00:00,27.490000000000002,26.63,28.35,1.2162236636408648,28.189999999999998,21.51,34.87,9.446946596652271,6.54,5.75,7.33,1.1172287142747452,7.354,7.082,7.626,0.3846660889654822,0.8165,0.8045,0.8285,0.016970562748477157,24.945,16.28,33.61,12.254160517962866,1220.0,1169.0,1271.0,72.12489168102785,11.145,161.905,161.395,-0.5099999999999909
2023-05-04 16:00:00+00:00,29.275,29.14,29.41,0.19091883092036627,21.505000000000003,12.23,30.78,13.116830791010456,5.484999999999999,5.42,5.55,0.09192388155425078,7.414,7.371,7.457,0.06081118318204298,1.04185,0.9588,1.1249,0.1174504363550856,16.09,12.63,19.55,4.893178925810909,1113.5,936.0,1291.0,251.02290732122438,11.309999999999999,161.395,160.115,-1.2800000000000011
2023-05-04 17:00:00+00:00,28.43,26.82,30.04,2.276883835420682,36.575,25.1,48.05,16.22810062823126,7.515,7.35,7.68,0.23334523779156074,6.9670000000000005,6.84,7.094,0.17960512242138307,0.57155,0.3453,0.7978,0.3199658184869127,22.884999999999998,18.88,26.89,5.6639253173042485,1074.5,983.0,1166.0,129.4005409571382,11.440000000000001,160.115,161.625,1.509999999999991
2023-05-04 18:00:00+00:00,27.4,27.11,27.69,0.4101219330881976,42.58,27.71,57.45,21.029355672487927,6.72,6.52,6.92,0.2828427124746193,7.4955,7.193,7.798,0.42779960261786154,0.9702999999999999,0.7,1.2406,0.3822619259094476,38.120000000000005,31.57,44.67,9.263098833543776,1236.5,1086.0,1387.0,212.83914113715082,11.24,161.625,165.14499999999998,3.519999999999982
2023-05-04 19:00:00+00:00,26.64,26.37,26.91,0.3818376618407351,49.584999999999994,41.05,58.12,12.070312754854363,6.390000000000001,6.09,6.69,0.42426406871192857,7.093999999999999,6.816,7.372,0.39315137033972075,0.7052,0.4249,0.9855,0.39640406153317853,9.885,6.8,12.97,4.362848839920999,1222.5,1174.0,1271.0,68.58935777509511,11.215,165.14499999999998,165.73000000000002,0.5850000000000364
2023-05-04 20:00:00+00:00,27.060000000000002,25.67,28.45,1.965756851698599,52.235,48.04,56.43,5.932625894155135,6.5649999999999995,6.36,6.77,0.2899137802864836,7.525499999999999,6.957,8.094,0.8039804102091039,0.6707500000000001,0.1041,1.2374,0.8013641151187143,18.775,10.05,27.5,12.339013331705255,1394.5,1336.0,1453.0,82.73149339882606,11.405000000000001,165.73000000000002,164.36,-1.3700000000000045
2023-05-04 21:00:00+00:00,28.990000000000002,28.25,29.73,1.046518036156092,28.18,19.02,37.34,12.954196231337553,6.615,5.06,8.17,2.199102089490163,7.712,7.523,7.901,0.26728636328851507,1.20085,1.1674,1.2343,0.04730544366138,39.114999999999995,35.61,42.62,4.9568185361177,1344.0,1310.0,1378.0,48.08326112068523,11.25,164.36,165.29500000000002,0.9350000000000023
2023-05-04 22:00:00+00:00,26.135,25.67,26.6,0.657609306503489,35.485,32.93,38.04,3.6133156518632576,6.59,5.44,7.74,1.626345596729059,7.9825,7.845,8.12,0.19445436482630052,1.0864,0.6977,1.4751,0.5497048116944221,15.77,5.63,25.91,14.340125522463184,1179.0,1049.0,1309.0,183.84776310850236,11.399999999999999,165.29500000000002,165.59,0.2949999999999875
2023-05-04 23:00:00+00:00,27.085,26.58,27.59,0.7141778489984129,43.635000000000005,34.07,53.2,13.526952724098658,7.475,7.16,7.79,0.44547727214752453,7.883,7.809,7.957,0.10465180361560882,1.1724999999999999,1.1628,1.1822,0.013717871555018845,27.534999999999997,23.83,31.24,5.239661248592318,1150.5,872.0,1429.0,393.85847712090697,11.44,165.59,168.965,3.375
2023-05-05 00:00:00+00:00,27.9,26.48,29.32,2.0081832585697934,49.3,43.72,54.88,7.891311678041871,6.645,5.34,7.95,1.845548698896889,7.6765,7.425,7.928,0.35567471093683345,0.67935,0.2344,1.1243,0.6292543245779088,29.93,27.38,32.48,3.6062445840513897,1120.0,1081.0,1159.0,55.154328932550705,11.48,168.965,168.34,-0.625
2023-05-05 01:00:00+00:00,29.55,29.17,29.93,0.5374011537017748,38.3,16.85,59.75,30.33488091290289,6.855,6.75,6.96,0.14849242404917526,7.4525,6.811,8.094,0.9072180002623401,0.5175000000000001,0.3337,0.7013,0.25993245276417487,20.5,9.68,31.32,15.301790744876888,909.5,809.0,1010.0,142.12846301849606,11.575,168.34,171.5,3.1599999999999966
2023-05-05 02:00:00+00:00,28.83,27.89,29.77,1.32936074863071,32.975,29.59,36.36,4.787112908632928,7.17,6.87,7.47,0.4242640687119283,7.498,7.421,7.575,0.10889444430272825,0.51605,0.4034,0.6287,0.1593111578013292,23.46,9.93,36.99,19.134309498907978,877.5,804.0,951.0,103.94469683442249,11.59,171.5,170.305,-1.1949999999999932
2023-05-05 03:00:00+00:00,28.695,28.47,28.92,0.3181980515339484,29.2,15.44,42.96,19.45957861825379,6.695,6.5,6.89,0.2757716446627536,7.4985,7.157,7.84,0.48295393155041183,1.286,1.2382,1.3338,0.06759940828143404,27.294999999999998,21.65,32.94,7.983235559596121,1038.0,994.0,1082.0,62.22539674441618,11.565,170.305,169.165,-1.1400000000000148
2023-05-05 04:00:00+00:00,28.275,28.14,28.41,0.19091883092036627,38.37,34.91,41.83,4.89317892581091,6.385,6.08,6.69,0.4313351365237945,7.4645,6.907,8.022,0.7884240610230007,1.1187,0.9488,1.2886,0.24027488424718882,33.34,25.55,41.13,11.01672365088641,1087.5,912.0,1263.0,248.19448019647817,11.64,169.165,175.2,6.034999999999997
2023-05-05 05:00:00+00:00,27.245,27.05,27.44,0.27577164466275395,43.989999999999995,30.33,57.65,19.31815726201648,6.89,5.41,8.37,2.09303607231218,7.5305,7.102,7.959,0.6059905114768708,0.9135,0.6492,1.1778,0.373776644535209,39.155,37.71,40.6,2.043538597629123,1016.0,962.0,1070.0,76.36753236814714,11.715,175.2,173.825,-1.375
2023-05-05 06:00:00+00:00,28.134999999999998,27.43,28.84,0.9970205614730333,28.545,20.96,36.13,10.726809870599928,7.915,7.5,8.33,0.5868986283848344,7.917,7.901,7.933,0.02262741699796954,0.5428999999999999,0.3096,0.7762,0.32993602410164313,29.93,25.41,34.45,6.392245301926393,1081.5,904.0,1259.0,251.02290732122438,11.905000000000001,173.825,179.73,5.905000000000001
2023-05-05 07:00:00+00:00,28.69,26.67,30.71,2.8567113959936514,44.46,32.95,55.97,16.27759810291432,6.9350000000000005,5.79,8.08,1.6192745289171935,7.504,7.323,7.685,0.25597265478952935,0.88365,0.6603,1.107,0.3158645991560308,32.65,25.52,39.78,10.08334269972017,1423.5,1355.0,1492.0,96.87362902255701,11.79,179.73,175.67000000000002,-4.059999999999974
2023-05-05 08:00:00+00:00,28.994999999999997,28.22,29.77,1.0960155108391478,19.75,18.8,20.7,1.3435028842544392,7.6,7.37,7.83,0.32526911934581154,7.151999999999999,7.124,7.18,0.03959797974644638,0.5770000000000001,0.1505,1.0035,0.603162084352125,32.46,21.11,43.81,16.05132393293463,1283.5,1081.0,1486.0,286.37824638055173,11.92,175.67000000000002,177.525,1.8549999999999898
2023-05-05 09:00:00+00:00,28.880000000000003,27.05,30.71,2.5880108191427627,10.68,10.65,10.71,0.04242640687119383,6.65,6.11,7.19,0.7636753236814714,7.6555,7.246,8.065,0.5791204537917818,1.1727,1.1245,1.2209,0.06816509370638321,38.474999999999994,34.66,42.29,5.395224740453357,1055.5,961.0,1150.0,133.64318164425748,11.91,177.525,176.235,-1.289999999999992
2023-05-05 10:00:00+00:00,30.22,29.98,30.46,0.3394112549695419,49.04,46.61,51.47,3.4365389565666207,7.3100000000000005,6.76,7.86,0.777817459305203,7.4345,6.909,7.96,0.7431692270270616,1.2572,1.0632,1.4512,0.27435743110038047,13.225,10.27,16.18,4.179001076812496,1086.0,939.0,1233.0,207.88939366884497,11.92,176.235,181.01,4.774999999999977
2023-05-05 11:00:00+00:00,28.105,27.76,28.45,0.4879036790187162,36.335,27.75,44.92,12.141023432973022,5.675,5.25,6.1,0.6010407640085651,7.409000000000001,7.288,7.53,0.17111984104714417,1.2986499999999999,1.2417,1.3556,0.08053946237714776,25.4,11.61,39.19,19.50200502512498,1100.5,931.0,1270.0,239.7091988222396,11.915,181.01,202.66,21.650000000000006
2023-09-01 02:00:00+00:00,26.81,26.81,26.81,,53.32,53.32,53.32,,6.34,6.34,6.34,,7.679,7.679,7.679,,0.66,0.66,0.66,,39.52,39.52,39.52,,1076.0,1076.0,1076.0,,12.11,202.66,200.45999999999998,-2.200000000000017
2023-09-01 03:00:00+00:00,30.215,29.34,31.09,1.2374368670764582,28.79,12.98,44.6,22.358716421118636,6.76,5.59,7.93,1.654629867976521,7.0365,7.004,7.069,0.04596194077712618,0.82655,0.6622,0.9909,0.23242599897601818,15.985,7.75,24.22,11.646048686142436,1310.0,1285.0,1335.0,35.35533905932738,11.935,200.45999999999998,201.745,1.285000000000025
2023-09-01 04:00:00+00:00,28.189999999999998,27.97,28.41,0.31112698372208053,23.895,17.0,30.79,9.75100251256249,6.29,5.66,6.92,0.8909545442950497,8.099,8.085,8.113,0.019798989873222407,0.63205,0.4224,0.8417,0.2964898733515194,24.34,21.69,26.99,3.7476659402887,1133.0,951.0,1315.0,257.3868683519033,12.015,201.745,200.9,-0.8449999999999989
2023-09-01 05:00:00+00:00,27.549999999999997,26.86,28.24,0.9758073580374336,33.785,30.14,37.43,5.154808434849929,7.154999999999999,6.79,7.52,0.516187950266179,7.859,7.676,8.042,0.25880108191427614,0.9635,0.527,1.4,0.6173042199758558,26.634999999999998,13.16,40.11,19.056527752977455,1170.0,1058.0,1282.0,158.39191898578665,12.115,200.9,201.61,0.710000000000008
2023-09-01 06:00:00+00:00,29.585,28.43,30.74,1.6334166645409252,47.905,35.98,59.83,16.864496731299155,6.865,6.61,7.12,0.36062445840513907,7.4145,6.897,7.932,0.7318555185280768,1.0716,0.7585,1.3847,0.4427902663790162,32.685,27.31,38.06,7.6013978977553895,1045.0,967.0,1123.0,110.30865786510141,12.155,201.61,204.815,3.204999999999984
2023-09-01 07:00:00+00:00,29.025,28.33,29.72,0.9828784258493014,30.265,16.76,43.77,19.098954159848653,7.9,7.9,7.9,0.0,7.254,7.239,7.269,0.021213203435596288,0.8034,0.4985,1.1083,0.43119371516755667,25.525,7.18,43.87,25.94374780173443,1298.0,1109.0,1487.0,267.28636328851496,12.07,204.815,204.39,-0.42500000000001137
2023-09-01 08:00:00+00:00,29.185000000000002,28.66,29.71,0.7424621202458742,23.225,16.65,29.8,9.298454172603103,6.425000000000001,5.37,7.48,1.491995308303616,7.494,7.298,7.69,0.27718585822512654,0.39105,0.0647,0.7174,0.4615285960804596,21.07,16.64,25.5,6.264966081312811,1066.5,855.0,1278.0,299.10616844190963,12.15,204.39,206.04500000000002,1.6550000000000296
2023-09-01 09:00:00+00:00,28.674999999999997,26.79,30.56,2.665792565073285,37.7,17.94,57.46,27.944859992492354,7.645,7.35,7.94,0.4171930009000632,7.3215,7.008,7.635,0.4433559518039648,0.94635,0.5111,1.3816,0.6155364530228895,31.545,23.78,39.31,10.981368311827083,1345.5,1272.0,1419.0,103.94469683442249,12.195,206.04500000000002,207.525,1.4799999999999898
2023-09-01 10:00:00+00:00,30.47,29.74,31.2,1.03237590053236,54.665,53.98,55.35,0.9687362902255733,6.855,6.27,7.44,0.8273149339882615,7.6375,7.335,7.94,0.42779960261786154,0.4308,0.0279,0.8337,0.56978664428012,14.955,12.71,17.2,3.174909447527597,1177.5,1095.0,1260.0,116.67261889578035,12.455,207.525,206.535,-0.9900000000000091
2023-09-01 11:00:00+00:00,29.255,27.24,31.27,2.8496403281817875,40.0,20.42,59.58,27.690301551265197,7.8100000000000005,7.54,8.08,0.38183766184073603,7.03,6.985,7.075,0.06363961030678918,0.9231499999999999,0.7327,1.1136,0.26933697295395587,13.535,10.16,16.91,4.772970773009196,1031.5,940.0,1123.0,129.4005409571382,12.42,206.535,210.225,3.6899999999999977
2023-09-01 12:00:00+00:00,29.16,28.86,29.46,0.4242640687119295,35.615,27.77,43.46,11.094505396816931,5.91,5.39,6.43,0.7353910524340092,7.176,7.132,7.22,0.06222539674441593,0.79815,0.1373,1.459,0.9345830326942599,30.035000000000004,23.87,36.2,8.718626612030134,1263.5,1061.0,1466.0,286.37824638055173,12.375,210.225,212.245,2.0200000000000102
2023-09-01 13:00:00+00:00,28.875,28.41,29.34,0.657609306503489,32.555,30.92,34.19,2.3122391744800077,6.635,5.17,8.1,2.071822868876584,7.6705000000000005,7.641,7.7,0.04171930009000673,0.85345,0.7818,0.9251,0.10132840174403225,12.875,11.65,14.1,1.732411613907041,1129.5,1040.0,1219.0,126.572113832392,12.455,212.245,211.165,-1.0800000000000125
2023-09-01 14:00:00+00:00,27.515,26.97,28.06,0.7707463914933379,33.79,27.89,39.69,8.343860018001259,7.869999999999999,7.38,8.36,0.6929646455628159,7.5415,7.308,7.775,0.33021886681411805,0.54645,0.3625,0.7304,0.26014458479853086,30.455,18.31,42.6,17.175623715021242,1271.0,1154.0,1388.0,165.46298679765212,12.57,211.165,211.64,0.4749999999999943
2023-09-01 15:00:00+00:00,27.665,27.07,28.26,0.8414570696119912,28.425,18.07,38.78,14.6441814383734,6.58,5.95,7.21,0.8909545442950497,7.52,7.086,7.954,0.6137686860699225,0.3855,0.1216,0.6494,0.37321095911025975,31.62,18.72,44.52,18.24335495461293,922.0,865.0,979.0,80.61017305526642,12.44,211.64,213.885,2.2450000000000045
2023-09-01 16:00:00+00:00,28.55,27.21,29.89,1.895046173579947,35.63,33.59,37.67,2.8849956672411126,7.085000000000001,5.87,8.3,1.7182694782833106,7.689,7.457,7.921,0.32809754647055833,0.713,0.1682,1.2578,0.7704635487808622,18.29,12.17,24.41,8.654987001723342,1058.5,970.0,1147.0,125.15790027001891,12.495000000000001,213.885,216.54,2.655000000000001
2023-09-01 17:00:00+00:00,27.619999999999997,26.41,28.83,1.711198410471445,29.509999999999998,20.51,38.51,12.727922061357852,6.875,6.04,7.71,1.1808683245815343,7.003,6.954,7.052,0.06929646455628187,0.3339,0.3005,0.3673,0.04723473298326138,32.03,23.41,40.65,12.19052090765608,1303.0,1273.0,1333.0,42.42640687119285,12.54,216.54,217.17000000000002,0.6300000000000239
2023-09-01 18:00:00+00:00,29.665,29.0,30.33,0.940452018978107,29.185,11.26,47.11,25.349778105537727,5.9350000000000005,5.49,6.38,0.6293250352560273,7.6585,7.28,8.037,0.5352798333582165,0.95885,0.7623,1.1554,0.27796367568443187,38.870000000000005,33.39,44.35,7.749890321804559,1036.0,906.0,1166.0,183.84776310850236,12.825,217.17000000000002,219.74,2.569999999999993
2023-09-01 19:00:00+00:00,28.205,27.6,28.81,0.8555992052357193,38.375,27.74,49.01,15.040161235837864,5.970000000000001,5.04,6.9,1.3152186130069783,7.295999999999999,6.835,7.757,0.6519524522539963,0.48585,0.1023,0.8694,0.5424216118482006,7.9399999999999995,7.01,8.87,1.315218613006978,1132.0,1026.0,1238.0,149.90663761154806,12.705,219.74,215.595,-4.14500000000001
2023-09-01 20:00:00+00:00,29.16,28.48,29.84,0.9616652224137042,30.625,23.06,38.19,10.698525599352465,7.355,6.29,8.42,1.5061374439273465,7.5045,7.243,7.766,0.3698168465605641,0.12595,0.0643,0.1876,0.08718626612030131,25.045,16.27,33.82,12.409724009823911,1242.0,1241.0,1243.0,1.4142135623730951,12.649999999999999,215.595,217.585,1.990000000000009
2023-09-01 21:00:00+00:00,27.325,26.13,28.52,1.689985207035849,41.56,38.37,44.75,4.511341263970177,6.225,6.2,6.25,0.03535533905932694,7.266,6.878,7.654,0.5487148622007607,0.67075,0.0886,1.2529,0.8232844253354972,9.469999999999999,6.57,12.37,4.101219330881975,1287.5,1195.0,1380.0,130.8147545195113,12.77,217.585,217.495,-0.09000000000000341
2023-09-01 22:00:00+00:00,28.9,27.6,30.2,1.8384776310850208,48.28,46.75,49.81,2.163746750430837,6.68,6.54,6.82,0.19798989873223316,7.2395,7.137,7.342,0.14495689014324228,0.13155,0.0773,0.1858,0.07672108575874041,20.924999999999997,5.87,35.98,21.290985181526946,1148.5,883.0,1414.0,375.47370081005676,12.745000000000001,217.495,221.37,3.875
2023-09-01 23:00:00+00:00,26.675,26.28,27.07,0.558614357137372,37.459999999999994,34.41,40.51,4.3133513652379385,7.425,6.77,8.08,0.9263098833543776,6.9595,6.913,7.006,0.0657609306503489,0.96505,0.6625,1.2676,0.42787031329598,17.045,10.38,23.71,9.425733393216678,1081.0,812.0,1350.0,380.42344827836257,12.725000000000001,221.37,222.39499999999998,1.0249999999999773
2023-09-02 00:00:00+00:00,26.995,26.3,27.69,0.9828784258493014,19.865000000000002,16.66,23.07,4.5325544674057685,6.130000000000001,5.48,6.78,0.919238815542512,7.0715,6.926,7.217,0.20576807332528527,0.5197,0.401,0.6384,0.1678671498536863,25.685,22.13,29.24,5.027529214236353,1392.0,1292.0,1492.0,141.4213562373095,12.805,222.39499999999998,223.07999999999998,0.6850000000000023
2023-09-02 01:00:00+00:00,27.2,25.91,28.49,1.8243354954612914,35.455,30.95,39.96,6.3710320984907955,7.154999999999999,5.87,8.44,1.8172644276494263,7.4415,6.808,8.075,0.8959042917633553,0.3743,0.0695,0.6791,0.4310522938113194,21.21,6.08,36.34,21.397051198704933,1195.5,1067.0,1324.0,181.7264427649427,13.035,223.07999999999998,222.3,-0.7799999999999727
2023-09-02 02:00:00+00:00,29.740000000000002,29.28,30.2,0.6505382386916236,30.049999999999997,24.41,35.69,7.976164491784253,6.29,5.26,7.32,1.4566399692442884,7.225,6.973,7.477,0.35638181771801997,0.86565,0.8607,0.8706,0.007000357133746834,20.45,5.42,35.48,21.255629842467616,1035.5,919.0,1152.0,164.75588001646557,12.91,222.3,226.48000000000002,4.180000000000007
2023-09-02 03:00:00+00:00,29.05,28.44,29.66,0.8626702730475871,22.565,10.32,34.81,17.31704507125855,6.765000000000001,6.45,7.08,0.4454772721475252,7.6635,7.231,8.096,0.6116473657263638,0.4927,0.4801,0.5053,0.017819090885900977,31.519999999999996,22.31,40.73,13.024906909456202,847.5,839.0,856.0,12.020815280171307,12.969999999999999,226.48000000000002,227.385,0.9049999999999727
2023-09-02 04:00:00+00:00,26.94,25.94,27.94,1.4142135623730951,35.504999999999995,24.28,46.73,15.87454723763799,7.115,6.48,7.75,0.898025612106915,7.5889999999999995,7.026,8.152,0.7962022356160521,0.3627,0.1689,0.5565,0.27407458838790577,25.25,24.08,26.42,1.6546298679765237,1287.0,1135.0,1439.0,214.96046148071045,13.0,227.385,227.235,-0.14999999999997726
2023-09-02 05:00:00+00:00,29.245,28.73,29.76,0.7283199846221448,25.22,11.2,39.24,19.827274144470795,6.775,5.68,7.87,1.548563850798539,7.463,7.088,7.838,0.5303300858899106,0.6552,0.1582,1.1522,0.7028641404994281,30.535,20.57,40.5,14.092638149047893,1159.0,972.0,1346.0,264.45793616376875,13.07,227.235,230.01,2.7749999999999773
2023-09-02 06:00:00+00:00,28.314999999999998,27.07,29.56,1.760695885154501,37.894999999999996,18.72,57.07,27.117545058504096,6.869999999999999,6.47,7.27,0.5656854249492376,7.801500000000001,7.565,8.038,0.3344615075012366,1.45255,1.4497,1.4554,0.004030508652763348,29.595,18.43,40.76,15.789694423895606,1187.0,1058.0,1316.0,182.43354954612926,13.010000000000002,230.01,228.875,-1.134999999999991
2023-09-02 07:00:00+00:00,28.41,26.39,30.43,2.8567113959936514,24.075,14.57,33.58,13.442099910356268,6.25,5.9,6.6,0.49497474683058273,7.561999999999999,7.548,7.576,0.01979898987322272,1.1021,0.9052,1.299,0.27845865043126244,35.84,29.6,42.08,8.824692629208108,1119.0,916.0,1322.0,287.0853531617383,13.125,228.875,228.49,-0.3849999999999909
2023-09-02 08:00:00+00:00,30.450000000000003,30.19,30.71,0.36769552621700313,39.405,37.53,41.28,2.6516504294495533,7.215,6.8,7.63,0.5868986283848344,7.0535,7.033,7.074,0.028991378028647766,0.74465,0.435,1.0543,0.4379112295888289,34.42,25.36,43.48,12.812774875100242,949.0,915.0,983.0,48.08326112068523,13.025,228.49,230.42000000000002,1.9300000000000068
2023-09-02 09:00:00+00:00,28.18,26.79,29.57,1.9657568516986028,33.22,30.37,36.07,4.030508652763322,6.605,6.12,7.09,0.6858935777509506,7.671,7.259,8.083,0.582655987697715,0.81935,0.6889,0.9498,0.1844841592115703,19.63,16.15,23.11,4.9214631970583715,1169.5,961.0,1378.0,294.8635277547903,13.32,230.42000000000002,233.875,3.454999999999984
2023-09-02 10:00:00+00:00,27.15,26.21,28.09,1.32936074863071,37.32,19.81,54.83,24.762879477152893,7.505,6.52,8.49,1.393000358937499,7.592499999999999,7.321,7.864,0.3839589821842957,0.93365,0.7282,1.1391,0.2905501763895524,27.03,10.71,43.35,23.07996533792891,1364.0,1342.0,1386.0,31.11269837220809,13.225000000000001,233.875,233.73,-0.14500000000001023
2023-09-02 11:00:00+00:00,28.875,28.69,29.06,0.26162950903902077,32.105,11.13,53.08,29.66312947077567,7.215,6.21,8.22,1.4212846301849607,7.7035,7.274,8.133,0.6074047250392434,0.45699999999999996,0.4301,0.4839,0.038042344827836284,22.245,16.3,28.19,8.40749962830805,950.5,865.0,1036.0,120.91525958289962,13.275,233.73,231.91500000000002,-1.8149999999999693
2023-09-02 12:00:00+00:00,30.244999999999997,29.61,30.88,0.8980256121069138,46.695,38.86,54.53,11.0803632611932,5.45,5.19,5.71,0.3676955262170044,7.734500000000001,7.636,7.833,0.13930003589375023,0.74075,0.0938,1.3877,0.9149254641772738,18.68,16.16,21.2,3.563818177180199,1057.5,869.0,1246.0,266.5792565073284,13.34,231.91500000000002,236.78,4.864999999999981
2023-09-02 13:00:00+00:00,29.54,28.7,30.38,1.1879393923933996,45.18,39.85,50.51,7.537758287448594,6.119999999999999,5.77,6.47,0.49497474683058307,7.451,6.869,8.033,0.8230722933011411,1.05185,0.7336,1.3701,0.45007346622523764,26.075000000000003,7.2,44.95,26.69328098979217,1273.0,1215.0,1331.0,82.02438661763951,13.385,236.78,235.29,-1.490000000000009
2023-09-02 14:00:00+00:00,28.815,26.51,31.12,3.2597622612699837,39.485,31.48,47.49,11.320779566796627,6.6,5.0,8.2,2.2627416997969516,7.3055,7.16,7.451,0.20576807332528466,0.87175,0.8241,0.9194,0.06738727624707794,18.22,8.3,28.14,14.028998538741101,1251.5,1240.0,1263.0,16.263455967290593,13.305,235.29,233.655,-1.634999999999991
2023-09-02 15:00:00+00:00,29.11,26.88,31.34,3.1536962440920027,47.129999999999995,38.61,55.65,12.049099551418767,7.775,7.6,7.95,0.2474873734152923,7.4795,7.118,7.841,0.5112382027978741,0.4518,0.3821,0.5215,0.0985706852974047,16.88,11.18,22.58,8.061017305526642,1272.5,1195.0,1350.0,109.60155108391487,13.46,233.655,238.38,4.724999999999994
2023-09-02 16:00:00+00:00,29.215,27.89,30.54,1.87383297014435,21.240000000000002,19.04,23.44,3.111269837220809,5.505,5.42,5.59,0.12020815280171303,7.74,7.393,8.087,0.49073210614346424,1.0614,0.8432,1.2796,0.3085813993098093,20.385,15.35,25.42,7.120565286548535,1406.0,1356.0,1456.0,70.71067811865476,13.465,238.38,239.945,1.5649999999999977
2023-09-02 17:00:00+00:00,27.924999999999997,27.15,28.7,1.0960155108391505,21.134999999999998,19.93,22.34,1.7041273426595809,6.385,5.24,7.53,1.6192745289171941,7.7125,7.279,8.146,0.6130615792887373,0.4677,0.1584,0.777,0.4374162548419983,13.07,8.48,17.66,6.491240251292506,1159.5,1125.0,1194.0,48.79036790187178,13.555,239.945,238.68,-1.2649999999999864
2023-09-02 18:00:00+00:00,29.06,28.4,29.72,0.933380951166243,31.54,25.32,37.76,8.79640835796065,7.38,6.51,8.25,1.2303657992645929,7.454000000000001,7.423,7.485,0.043840620433565826,0.7399,0.0339,1.4459,0.998434775035405,30.394999999999996,17.13,43.66,18.759542904879105,879.5,869.0,890.0,14.849242404917497,13.55,238.68,241.7,3.019999999999982
2023-09-02 19:00:00+00:00,28.115000000000002,26.76,29.47,1.9162593770155407,35.36,31.32,39.4,5.713422791987303,6.105,5.42,6.79,0.9687362902255698,7.6825,7.292,8.073,0.552250396106694,0.7402500000000001,0.5717,0.9088,0.23836569593798518,30.595,18.4,42.79,17.246334393139893,1203.0,965.0,1441.0,336.5828278447966,13.649999999999999,241.7,242.95,1.25
2023-09-02 20:00:00+00:00,29.65,28.34,30.96,1.852619766708754,27.425,14.08,40.77,18.872679989868956,6.265,6.22,6.31,0.06363961030678918,7.732,7.597,7.867,0.19091883092036754,0.5783,0.1288,1.0278,0.6356889962867063,34.605000000000004,27.83,41.38,9.58129688507772,1206.5,1013.0,1400.0,273.6503243191939,13.649999999999999,242.95,243.635,0.6850000000000023
2023-09-02 21:00:00+00:00,28.03,27.48,28.58,0.7778174593051995,16.490000000000002,14.39,18.59,2.9698484809834977,7.345,7.17,7.52,0.24748737341529137,7.6080000000000005,7.279,7.937,0.46527626202074884,1.1336,0.8677,1.3995,0.3760393862350059,21.34,5.25,37.43,22.7546962185831,1151.0,1134.0,1168.0,24.041630560342615,13.754999999999999,243.635,244.95999999999998,1.3249999999999886
2023-09-02 22:00:00+00:00,28.48,26.57,30.39,2.7011479041326116,28.299999999999997,20.7,35.9,10.74802307403552,5.255,5.12,5.39,0.19091883092036754,7.6975,7.407,7.988,0.41082903986938474,0.53735,0.1979,0.8768,0.48005479374754717,25.79,8.65,42.93,24.23962045907485,1429.5,1383.0,1476.0,65.76093065034893,13.71,244.95999999999998,244.245,-0.714999999999975
2023-09-02 23:00:00+00:00,29.765,29.15,30.38,0.869741340859455,27.09,24.16,30.02,4.143645737753168,7.145,5.81,8.48,1.887975105768082,7.6105,7.309,7.912,0.42638538905548795,0.88375,0.6156,1.1519,0.3792213667503454,27.445,11.46,43.43,22.606203794533922,849.5,848.0,851.0,2.1213203435596424,13.795,244.245,244.495,0.25
2023-09-03 00:00:00+00:00,29.02,27.93,30.11,1.5414927829866734,30.64,10.69,50.59,28.21356056934325,5.425000000000001,5.19,5.66,0.3323401871576768,7.894500000000001,7.672,8.117,0.3146625176280148,1.14875,0.9765,1.321,0.24359828611876552,16.035,5.57,26.5,14.79974493023444,1256.5,1088.0,1425.0,238.2949852598665,13.82,244.495,247.69,3.194999999999993
2023-09-03 01:00:00+00:00,29.490000000000002,28.84,30.14,0.9192388155425111,42.955,42.47,43.44,0.6858935777509503,5.755,5.14,6.37,0.8697413408594538,7.8825,7.838,7.927,0.06293250352560208,1.14445,0.939,1.3499,0.29055017638955244,19.155,15.31,23.0,5.43765114732455,985.0,932.0,1038.0,74.95331880577403,13.82,247.69,249.18,1.490000000000009
2023-09-03 02:00:00+00:00,29.475,29.12,29.83,0.5020458146424456,53.285,49.93,56.64,4.744686501761737,7.0,6.19,7.81,1.1455129855222064,7.667999999999999,7.353,7.983,0.44547727214752453,0.3385,0.2056,0.4714,0.1879489824393843,33.525,32.72,34.33,1.138441917710341,1069.0,965.0,1173.0,147.07821048680188,13.955,249.18,248.02,-1.1599999999999966
2023-09-03 03:00:00+00:00,28.375,27.89,28.86,0.6858935777509503,14.350000000000001,11.01,17.69,4.723473298326137,6.955,6.55,7.36,0.5727564927611039,7.1175,6.872,7.363,0.3471894295625955,0.83745,0.3107,1.3642,0.7449369939800279,30.66,16.5,44.82,20.025264043203027,1224.5,1172.0,1277.0,74.24621202458749,13.875,248.02,250.22500000000002,2.2050000000000125
2023-09-03 04:00:00+00:00,29.494999999999997,28.43,30.56,1.5061374439273443,43.620000000000005,32.93,54.31,15.11794298176839,7.4,6.78,8.02,0.8768124086713182,7.5865,7.43,7.743,0.2213244225113898,1.0804,1.0178,1.143,0.08852976900455574,26.43,26.33,26.53,0.14142135623731153,1363.5,1278.0,1449.0,120.91525958289962,13.940000000000001,250.22500000000002,251.945,1.7199999999999704
2023-09-03 05:00:00+00:00,27.73,26.75,28.71,1.3859292911256338,40.69,38.23,43.15,3.478965363437815,6.529999999999999,5.03,8.03,2.121320343559642,7.5745000000000005,7.3,7.849,0.3882016228714152,0.37129999999999996,0.2842,0.4584,0.12317800128269654,16.5,11.77,21.23,6.68923015002474,1435.5,1390.0,1481.0,64.34671708797582,14.025,251.945,250.89,-1.0550000000000068
2023-09-03 06:00:00+00:00,28.59,28.44,28.74,0.21213203435596223,50.27,43.95,56.59,8.937829714197962,7.165,6.61,7.72,0.7848885271170674,7.375,7.061,7.689,0.44406305858515194,0.9268000000000001,0.7165,1.1371,0.2974091121670619,41.615,39.13,44.1,3.5143207024971406,1460.5,1434.0,1487.0,37.476659402887016,14.05,250.89,254.59,3.700000000000017
2023-09-03 07:00:00+00:00,26.16,25.84,26.48,0.4525483399593908,52.93,46.01,59.85,9.78635785162182,7.575000000000001,6.69,8.46,1.2515790027001898,7.7065,7.564,7.849,0.20152543263816614,0.6376,0.3464,0.9288,0.4118189893630453,27.03,24.93,29.13,2.9698484809834977,990.0,881.0,1099.0,154.14927829866735,14.010000000000002,254.59,254.81,0.21999999999999886
2023-09-03 08:00:00+00:00,28.935,28.54,29.33,0.558614357137372,39.175,24.36,53.99,20.95157392655741,8.045,7.64,8.45,0.5727564927611035,7.1475,7.086,7.209,0.08697413408594487,0.28305,0.0701,0.496,0.3011567781073506,20.42,14.09,26.75,8.95197184982169,955.0,886.0,1024.0,97.58073580374356,14.254999999999999,254.81,254.60000000000002,-0.20999999999997954
2023-09-03 09:00:00+00:00,27.375,26.63,28.12,1.0535891039679572,17.005000000000003,12.46,21.55,6.427600640985715,6.375,5.87,6.88,0.7141778489984129,7.662,7.476,7.848,0.2630437226013956,0.4693,0.2305,0.7081,0.33771419869469504,29.205,25.61,32.8,5.084097756731275,986.0,815.0,1157.0,241.83051916579925,14.2,254.60000000000002,256.18,1.579999999999984
2023-09-03 10:00:00+00:00,27.375,25.91,28.84,2.071822868876584,38.839999999999996,22.81,54.87,22.669843404840712,8.235,8.0,8.47,0.33234018715767716,7.628,7.102,8.154,0.7438763338082477,0.8993500000000001,0.3216,1.4771,0.8170618856610558,37.03,29.45,44.61,10.719738802788061,1185.5,962.0,1409.0,316.07673119038674,14.2,256.18,256.755,0.5749999999999886
2023-09-03 11:00:00+00:00,27.045,26.36,27.73,0.9687362902255721,18.97,16.91,21.03,2.913279938488575,6.404999999999999,5.34,7.47,1.5061374439273465,7.9705,7.801,8.14,0.2397091988222399,0.25875000000000004,0.2042,0.3133,0.07714534982745233,27.865000000000002,19.84,35.89,11.349063838044087,1390.0,1313.0,1467.0,108.89444430272832,14.365,256.755,257.555,0.8000000000000114
2023-09-03 12:00:00+00:00,26.54,26.48,26.6,0.08485281374238766,43.980000000000004,35.0,52.96,12.699637790110398,5.615,5.02,6.21,0.8414570696119921,7.4315,7.398,7.465,0.0473761543394988,0.89995,0.644,1.1559,0.3619679612893937,16.1,11.82,20.38,6.0528340469568445,1314.5,1149.0,1480.0,234.05234457274722,14.355,257.555,261.275,3.7199999999999704
2023-09-03 13:00:00+00:00,26.73,25.91,27.55,1.1596551211459383,32.845,21.95,43.74,15.407856762054871,6.115,5.82,6.41,0.41719300090006295,7.796,7.535,8.057,0.36910973977937794,0.4469,0.0413,0.8525,0.5736050208985274,20.575,18.88,22.27,2.3970919882223964,1218.5,1174.0,1263.0,62.932503525602726,14.48,261.275,259.96500000000003,-1.3099999999999454
2023-09-03 14:00:00+00:00,27.985,27.68,28.29,0.43133513652379357,47.95,47.9,48.0,0.07071067811865324,7.025,6.18,7.87,1.1950104602052658,7.4715,7.153,7.79,0.4504270196158311,0.3678,0.0613,0.6743,0.4334564568673536,30.32,24.37,36.27,8.414570696119917,935.5,891.0,980.0,62.932503525602726,14.43,259.96500000000003,260.445,0.47999999999996135
2023-09-03 15:00:00+00:00,27.96,27.73,28.19,0.3252691193458125,28.08,25.63,30.53,3.4648232278140854,6.45,5.0,7.9,2.050609665440988,7.199,6.973,7.425,0.31961226509631946,1.2778999999999998,1.2268,1.329,0.07226631303726529,32.41,28.06,36.76,6.151828996322962,1279.5,1100.0,1459.0,253.85133444597056,14.48,260.445,259.63,-0.8149999999999977
2023-09-03 16:00:00+00:00,28.35,26.64,30.06,2.4183051916579923,39.655,20.48,58.83,27.117545058504096,5.96,5.84,6.08,0.16970562748477155,6.9445,6.801,7.088,0.20293964620053878,0.4757,0.1392,0.8122,0.47588286373854655,28.04,18.68,37.4,13.237038943812168,1050.5,988.0,1113.0,88.38834764831844,14.375,259.63,262.065,2.4350000000000023
2023-09-03 17:00:00+00:00,27.415,26.33,28.5,1.5344217151748092,49.504999999999995,42.28,56.73,10.217692988145611,5.53,5.24,5.82,0.4101219330881976,7.5115,6.855,8.168,0.9284312036979361,0.9794,0.5881,1.3707,0.5533817669565921,14.254999999999999,13.98,14.53,0.38890872965259976,1109.5,927.0,1292.0,258.0939751330898,14.445,262.065,264.92499999999995,2.859999999999957
2023-09-03 18:00:00+00:00,27.705,26.42,28.99,1.817264427649426,37.13,25.17,49.09,16.913994205982217,6.295,5.65,6.94,0.9121677477306467,7.434,7.139,7.729,0.41719300090006295,0.72765,0.2092,1.2461,0.7331990214123312,20.305,15.43,25.18,6.894291116568838,1271.5,1225.0,1318.0,65.76093065034893,14.56,264.92499999999995,263.90999999999997,-1.0149999999999864
2023-09-03 19:00:00+00:00,29.795,28.99,30.6,1.1384419177103424,46.435,44.58,48.29,2.6233661582020944,6.24,6.02,6.46,0.31112698372208086,7.773,7.571,7.975,0.28567113959936513,1.2666499999999998,1.1296,1.4037,0.19381796872323262,18.145,5.36,30.93,18.08072039494002,1361.0,1358.0,1364.0,4.242640687119285,14.55,263.90999999999997,266.88,2.9700000000000273
2023-09-03 20:00:00+00:00,30.064999999999998,29.04,31.09,1.4495689014324242,43.980000000000004,29.68,58.28,20.223253941935262,7.195,6.32,8.07,1.2374368670764582,7.4165,7.014,7.819,0.5692209588551705,1.2154,1.0182,1.4126,0.2788829144999744,24.130000000000003,22.82,25.44,1.8526197667087565,1167.5,986.0,1349.0,256.6797615707168,14.545000000000002,266.88,265.53499999999997,-1.3450000000000273
2023-09-03 21:00:00+00:00,26.72,26.58,26.86,0.1979898987322341,30.065,16.54,43.59,19.127238431096114,7.45,6.73,8.17,1.0182337649086282,7.731999999999999,7.64,7.824,0.13010764773832517,0.9797,0.5515,1.4079,0.6055662474081592,35.765,27.85,43.68,11.193500346183045,1261.0,1252.0,1270.0,12.727922061357855,14.705,265.53499999999997,266.885,1.3500000000000227
2023-09-03 22:00:00+00:00,26.990000000000002,26.62,27.36,0.5232590180780429,42.61,38.75,46.47,5.458864350760146,5.765000000000001,5.37,6.16,0.5586143571373728,8.022,7.878,8.166,0.20364675298172585,0.46275,0.4206,0.5049,0.059609101654025984,25.06,10.58,39.54,20.477812383162416,1193.5,1023.0,1364.0,241.1234123846127,14.685,266.885,269.35,2.465000000000032
2023-09-03 23:00:00+00:00,29.43,29.16,29.7,0.3818376618407351,27.78,20.34,35.22,10.521748904055825,6.775,5.21,8.34,2.213244225113894,7.4405,7.278,7.603,0.22980970388562838,1.1022500000000002,1.0542,1.1503,0.06795296167202719,33.745,27.77,39.72,8.449926035179244,1156.0,953.0,1359.0,287.0853531617383,14.864999999999998,269.35,267.65,-1.7000000000000455
2023-09-04 00:00:00+00:00,28.97,26.71,31.23,3.1961226509631957,28.490000000000002,25.61,31.37,4.0729350596345135,6.04,6.04,6.04,0.0,7.302,6.896,7.708,0.5741707063234764,0.855,0.3152,1.3948,0.7633924809689968,31.02,28.32,33.72,3.8183766184073558,1048.0,946.0,1150.0,144.2497833620557,14.815,267.65,272.225,4.5750000000000455
2023-09-04 01:00:00+00:00,29.345,27.98,30.71,1.9304015126392737,44.76,42.26,47.26,3.5355339059327378,5.85,5.58,6.12,0.38183766184073537,7.5115,6.967,8.056,0.7700392847121502,1.1547,1.1104,1.199,0.06264966081312812,14.29,8.7,19.88,7.905453813665601,1261.5,1148.0,1375.0,160.51323932934628,14.825,272.225,271.025,-1.2000000000000455
2023-09-04 02:00:00+00:00,27.104999999999997,26.88,27.33,0.31819805153394715,25.939999999999998,21.61,30.27,6.1235447250755035,6.585,5.43,7.74,1.6334166645409252,7.6005,7.259,7.942,0.48295393155041183,0.34604999999999997,0.1051,0.587,0.3407547578537973,22.05,20.78,23.32,1.79605122421383,1208.5,981.0,1436.0,321.7335854398791,14.995,271.025,272.825,1.8000000000000114
2023-09-04 03:00:00+00:00,27.08,27.06,27.1,0.028284271247462554,21.695,19.93,23.46,2.4960869375885135,6.324999999999999,5.43,7.22,1.2657211383239197,7.4935,7.351,7.636,0.20152543263816614,0.4475,0.4313,0.4637,0.02291025971044413,27.22,14.76,39.68,17.621100987168763,908.0,838.0,978.0,98.99494936611666,14.93,272.825,275.34000000000003,2.515000000000043
2023-09-04 04:00:00+00:00,28.32,27.62,29.02,0.9899494936611655,52.315,49.17,55.46,4.447701653663386,6.715,5.25,8.18,2.071822868876584,7.7295,7.463,7.996,0.3768879143724304,1.22115,0.9677,1.4746,0.35843242738346087,43.5,43.33,43.67,0.24041630560342858,832.5,802.0,863.0,43.1335136523794,14.905000000000001,275.34000000000003,276.87,1.5299999999999727
2023-09-04 05:00:00+00:00,29.71,28.15,31.27,2.2061731573020276,38.035000000000004,28.51,47.56,13.47038418160373,6.77,5.67,7.87,1.555634918610405,7.647,7.276,8.018,0.5246732316404189,1.27225,1.0793,1.4652,0.2728725068598887,16.915,14.91,18.92,2.835498192558058,999.5,828.0,1171.0,242.5376259469858,15.045,276.87,274.57,-2.3000000000000114
2023-09-04 06:00:00+00:00,30.35,29.71,30.99,0.9050966799187778,53.58,52.31,54.85,1.7960512242138276,6.09,5.27,6.91,1.1596551211459383,7.4055,6.923,7.888,0.6823580438450183,0.88835,0.572,1.2047,0.44738646045672875,42.239999999999995,40.82,43.66,2.0081832585697947,1109.0,896.0,1322.0,301.22748878546923,14.875,274.57,279.28499999999997,4.714999999999975
2023-09-04 07:00:00+00:00,27.485,26.91,28.06,0.8131727983645286,38.475,19.14,57.81,27.343819228483795,7.1,5.86,8.34,1.7536248173426372,7.521,7.055,7.987,0.6590235200658626,0.98155,0.6575,1.3056,0.45827590488700154,20.29,17.84,22.74,3.464823227814082,1121.5,1002.0,1241.0,168.99852070358486,15.04,279.28499999999997,276.375,-2.909999999999968
2023-09-04 08:00:00+00:00,27.66,26.44,28.88,1.7253405460951743,27.895,26.96,28.83,1.322289680818842,6.8,5.59,8.01,1.711198410471445,7.2170000000000005,7.032,7.402,0.261629509039023,0.8506499999999999,0.2792,1.4221,0.8081523402181051,29.275,26.04,32.51,4.574980874276962,1015.0,820.0,1210.0,275.77164466275354,15.07,276.375,279.11,2.7350000000000136
2023-09-04 09:00:00+00:00,27.665,26.02,29.31,2.326381310103741,23.715,13.12,34.31,14.983592693342944,6.52,5.05,7.99,2.07889393668845,7.6690000000000005,7.549,7.789,0.16970562748477125,0.41605000000000003,0.336,0.4961,0.11320779566796621,25.2,15.94,34.46,13.095617587574859,1125.5,901.0,1350.0,317.49094475275984,15.155000000000001,279.11,279.89,0.7799999999999727
2023-09-04 10:00:00+00:00,28.509999999999998,27.91,29.11,0.8485281374238552,18.939999999999998,15.45,22.43,4.935605332682103,7.24,6.79,7.69,0.636396103067893,7.382,7.075,7.689,0.4341635636485398,0.8667,0.5967,1.1367,0.3818376618407357,7.02,6.97,7.07,0.07071067811865482,855.0,845.0,865.0,14.142135623730951,15.2,279.89,283.265,3.375
2023-09-04 11:00:00+00:00,28.05,27.84,28.26,0.2969848480983512,38.144999999999996,25.85,50.44,17.387755749377202,8.225,8.18,8.27,0.06363961030678918,6.977,6.858,7.096,0.16829141392239894,0.7943,0.6724,0.9162,0.1723926332532803,19.795,19.14,20.45,0.9263098833543776,1182.5,963.0,1402.0,310.41987694089437,15.29,283.265,279.29499999999996,-3.9700000000000273
2023-09-04 12:00:00+00:00,26.6,25.84,27.36,1.0748023074035506,39.445,25.12,53.77,20.258609280994587,7.99,7.87,8.11,0.1697056274847706,7.4175,7.251,7.584,0.23546655813511952,0.7331500000000001,0.3502,1.1161,0.5415730837107768,21.134999999999998,17.63,24.64,4.956818536117701,1023.5,910.0,1137.0,160.51323932934628,15.265,279.29499999999996,284.115,4.82000000000005
2023-09-04 13:00:00+00:00,26.315,26.1,26.53,0.30405591591021525,52.894999999999996,52.86,52.93,0.049497474683056014,5.845000000000001,5.7,5.99,0.2050609665440985,7.8675,7.734,8.001,0.1887975105768078,0.27699999999999997,0.0971,0.4569,0.2544170198709198,15.259999999999998,12.69,17.83,3.6345288552988526,1084.0,922.0,1246.0,229.1025971044414,15.285,284.115,284.225,0.11000000000001364
2023-09-04 14:00:00+00:00,29.46,28.55,30.37,1.2869343417595167,32.78,17.33,48.23,21.84959953866432,6.165,6.01,6.32,0.2192031021678301,7.772,7.41,8.134,0.5119453095790606,0.4885,0.2603,0.7167,0.32272353493354033,30.689999999999998,17.38,44.0,18.8231825151859,1250.0,1090.0,1410.0,226.27416997969522,15.29,284.225,283.07,-1.1550000000000296
2023-09-04 15:00:00+00:00,28.14,27.1,29.18,1.4707821048680176,50.885000000000005,44.52,57.25,9.001469324504745,6.645,6.38,6.91,0.3747665940288707,7.9545,7.807,8.102,0.20859650045003147,0.5723,0.5386,0.606,0.047658997051973274,22.115000000000002,21.44,22.79,0.9545941546018364,1340.5,1211.0,1470.0,183.1406563273158,15.46,283.07,287.5,4.430000000000007
2023-09-04 16:00:00+00:00,27.08,26.69,27.47,0.5515432893255041,35.355000000000004,26.58,44.13,12.409724009823915,6.49,5.56,7.42,1.3152186130069783,7.3505,7.162,7.539,0.26657925650732855,0.4873,0.0955,0.8791,0.5540888737377787,36.195,28.06,44.33,11.504627329905126,1247.0,1080.0,1414.0,236.17366491630688,15.405000000000001,287.5,286.795,-0.7049999999999841
2023-09-04 17:00:00+00:00,26.189999999999998,25.98,26.4,0.2969848480983499,38.66,35.03,42.29,5.133595231414336,5.84,5.59,6.09,0.3535533905932738,7.3454999999999995,6.874,7.817,0.666801694658915,0.7819,0.2361,1.3277,0.7718777623432354,23.455,14.66,32.25,12.438008281071372,1063.5,842.0,1285.0,313.2483040656405,15.385000000000002,286.795,289.725,2.930000000000007
2023-09-04 18:00:00+00:00,29.205,28.91,29.5,0.4171930009000617,25.765,16.0,35.53,13.809795436573273,7.275,6.76,7.79,0.7283199846221438,7.0969999999999995,6.97,7.224,0.17960512242138368,0.9505999999999999,0.9007,1.0005,0.07056925676241747,31.465,29.29,33.64,3.0759144981614828,1122.5,850.0,1395.0,385.3731957466684,15.585,289.725,286.04499999999996,-3.6800000000000637
2023-09-04 19:00:00+00:00,28.11,27.94,28.28,0.2404163056034248,37.86,25.6,50.12,17.33825827469414,7.425,7.26,7.59,0.23334523779156074,7.5675,7.545,7.59,0.03181980515339459,0.8447,0.6348,1.0546,0.2968434267421126,20.305,8.54,32.07,16.638222561319463,967.0,925.0,1009.0,59.39696961966999,15.620000000000001,286.04499999999996,290.105,4.060000000000059
2023-09-04 20:00:00+00:00,28.1,25.99,30.21,2.9839906166072336,34.97,16.87,53.07,25.59726547895302,6.23,5.55,6.91,0.9616652224137046,7.337,7.033,7.641,0.4299209229614203,0.6919500000000001,0.622,0.7619,0.09892423868799798,18.205000000000002,7.56,28.85,15.054303371461598,1299.5,1291.0,1308.0,12.020815280171307,15.565000000000001,290.105,293.25,3.144999999999982
2023-09-04 21:00:00+00:00,27.255,27.06,27.45,0.27577164466275395,42.03,26.44,57.62,22.04758943739655,5.8149999999999995,5.31,6.32,0.7141778489984137,7.497999999999999,7.332,7.664,0.234759451353934,0.5308499999999999,0.021,1.0407,0.7210367847759225,24.009999999999998,13.44,34.58,14.948237354283615,1218.5,1057.0,1380.0,228.39549032325485,15.655000000000001,293.25,290.48,-2.769999999999982
2023-09-04 22:00:00+00:00,30.2,29.65,30.75,0.7778174593052033,45.355000000000004,43.12,47.59,3.1607673119038693,5.795,5.14,6.45,0.9263098833543776,7.9885,7.819,8.158,0.2397091988222396,0.5313,0.0672,0.9954,0.6563365142973534,22.435,6.21,38.66,22.945615049503466,1008.0,987.0,1029.0,29.698484809834994,15.559999999999999,290.48,293.015,2.534999999999968
2023-09-04 23:00:00+00:00,28.64,27.03,30.25,2.276883835420682,53.945,50.6,57.29,4.730544366138001,7.15,5.96,8.34,1.6829141392239826,7.9795,7.867,8.092,0.15909902576697324,1.01375,0.5587,1.4688,0.6435378815578771,31.08,23.41,38.75,10.847018023401638,1101.0,988.0,1214.0,159.80613254815975,15.7,293.015,295.095,2.080000000000041
2023-09-05 00:00:00+00:00,28.59,27.1,30.08,2.1071782079359096,39.29,25.65,52.93,19.289872990769016,7.285,6.23,8.34,1.491995308303615,7.3485,7.069,7.628,0.39527269068327986,0.6974,0.6369,0.7579,0.08555992052357225,12.024999999999999,10.35,13.7,2.368807716974933,861.0,809.0,913.0,73.53910524340094,15.739999999999998,295.095,297.02,1.9249999999999545
2023-09-05 01:00:00+00:00,28.07,28.02,28.12,0.07071067811865576,30.915,16.58,45.25,20.27275141661832,5.390000000000001,5.15,5.63,0.33941125496954216,7.702999999999999,7.673,7.733,0.042426406871192264,1.2222499999999998,1.0787,1.3658,0.20301035687865765,25.520000000000003,7.91,43.13,24.904300833390206,1175.0,875.0,1475.0,424.26406871192853,15.75,297.02,295.095,-1.9249999999999545
2023-09-05 02:00:00+00:00,29.049999999999997,27.08,31.02,2.786000717874997,45.495000000000005,43.89,47.1,2.269812767608821,7.345000000000001,6.37,8.32,1.3788582233137674,7.5645,7.486,7.643,0.11101576464628798,1.038,0.8773,1.1987,0.22726411947335645,15.935,12.96,18.91,4.2072853480599575,1092.5,884.0,1301.0,294.8635277547903,15.825,295.095,296.84000000000003,1.7450000000000045
2023-09-05 03:00:00+00:00,29.07,27.93,30.21,1.612203461105329,38.135,22.62,53.65,21.94152342021857,6.58,5.49,7.67,1.5414927829866734,7.404,7.268,7.54,0.1923330444827411,0.9943500000000001,0.6908,1.2979,0.4292845268583531,28.299999999999997,26.79,29.81,2.135462479183372,1071.0,848.0,1294.0,315.3696244092002,15.705,296.84000000000003,297.23,0.38999999999998636
2023-09-05 04:00:00+00:00,29.200000000000003,28.44,29.96,1.074802307403553,15.56,12.68,18.44,4.072935059634515,6.904999999999999,5.38,8.43,2.15667568261897,7.302,7.077,7.527,0.3181980515339462,0.6515500000000001,0.5852,0.7179,0.09383306986345484,13.309999999999999,10.03,16.59,4.638620484583753,1337.0,1186.0,1488.0,213.54624791833734,15.84,297.23,298.665,1.4350000000000023
2023-09-05 05:00:00+00:00,29.92,29.27,30.57,0.9192388155425111,39.82,33.77,45.87,8.55599205235722,7.025,6.34,7.71,0.9687362902255698,7.493499999999999,7.06,7.927,0.6130615792887364,1.2496,1.0488,1.4504,0.2839740833245175,14.045,13.54,14.55,0.7141778489984141,1102.5,1017.0,1188.0,120.91525958289962,15.809999999999999,298.665,295.24,-3.4250000000000114
2023-09-05 06:00:00+00:00,30.45,30.45,30.45,,52.45,52.45,52.45,,6.2,6.2,6.2,,6.919,6.919,6.919,,0.134,0.134,0.134,,21.45,21.45,21.45,,1145.0,1145.0,1145.0,,15.99,295.24,,
